Date,PR,GHI,PR_MA30,Year,Month,Budget_PR,Above_Budget
2019-07-01,69.57567588,3.256608333,,2019,7,73.9,-4.32432412
2019-07-02,79.31441128,3.976766667,,2019,7,73.9,5.414411279999996
2019-07-03,61.02000579,2.811866667,,2019,7,73.9,-12.879994210000007
2019-07-04,83.26257616,3.658408333,,2019,7,73.9,9.362576159999989
2019-07-05,82.12444039,5.590683333,,2019,7,73.9,8.224440389999998
2019-07-06,82.76417228,5.179733333,,2019,7,73.9,8.864172279999991
2019-07-07,69.92450703,4.120733333,,2019,7,73.9,-3.975492970000005
2019-07-08,84.78915116,5.707991667,,2019,7,73.9,10.889151159999997
2019-07-09,79.15239303,6.469825,,2019,7,73.9,5.252393029999993
2019-07-10,69.0858989,5.811891667,,2019,7,73.9,-4.814101100000002
2019-07-11,70.93888623,6.261125,,2019,7,73.9,-2.9611137700000114
2019-07-12,72.4561298,6.404208333,,2019,7,73.9,-1.4438702000000063
2019-07-13,82.22091259,5.996333333,,2019,7,73.9,8.320912589999992
2019-07-14,71.86190426,6.084766667,,2019,7,73.9,-2.038095740000003
2019-07-15,71.17281927,5.092958333,,2019,7,73.9,-2.7271807300000006
2019-07-16,74.83322027,3.32445,,2019,7,73.9,0.9332202699999925
2019-07-17,81.27245261,1.661191667,,2019,7,73.9,7.372452609999996
2019-07-18,62.76812143,3.641041667,,2019,7,73.9,-11.131878570000005
2019-07-19,60.52690499,4.51005,,2019,7,73.9,-13.373095010000007
2019-07-20,76.94910025,4.622266667,,2019,7,73.9,3.049100249999995
2019-07-21,65.36504375,4.940125,,2019,7,73.9,-8.534956250000008
2019-07-22,60.24257169,5.558991667,,2019,7,73.9,-13.657428310000007
2019-07-23,79.32111993,5.547308333,,2019,7,73.9,5.421119929999989
2019-07-24,75.44610622,6.427508333,,2019,7,73.9,1.5461062199999986
2019-07-25,76.36421888,3.8688,,2019,7,73.9,2.46421887999999
2019-07-26,70.66236611,6.74835,,2019,7,73.9,-3.237633890000012
2019-07-27,61.16419358,4.966391667,,2019,7,73.9,-12.735806420000003
2019-07-28,68.92173916,3.974058333,,2019,7,73.9,-4.978260840000004
2019-07-29,76.29448028,4.118708333,,2019,7,73.9,2.3944802799999962
2019-07-30,78.96251489,5.475133333,73.291934603,2019,7,73.9,5.0625148899999886
2019-07-31,83.30060519,5.032158333,73.74943224666667,2019,7,73.9,9.400605189999993
2019-08-01,63.13507679,4.860941667,73.210121097,2019,8,73.9,-10.764923210000006
2019-08-02,79.00013668,3.657125,73.80945879333333,2019,8,73.9,5.100136679999991
2019-08-03,67.11638614,3.925425,73.27125245933334,2019,8,73.9,-6.783613860000003
2019-08-04,78.09573286,4.879466667,73.13696220833334,2019,8,73.9,4.195732859999993
2019-08-05,82.72169284,4.471466667,73.135546227,2019,8,73.9,8.821692839999997
2019-08-06,81.31577325,2.410733333,73.51525510100001,2019,8,73.9,7.415773250000001
2019-08-07,77.85296729,2.326983333,73.284048972,2019,8,73.9,3.9529672899999895
2019-08-08,72.92912895,3.530166667,73.07660683600001,2019,8,73.9,-0.9708710499999995
2019-08-09,76.33996613,3.053108333,73.31840907700001,2019,8,73.9,2.4399661299999877
2019-08-10,76.52966533,3.532608333,73.50476838033333,2019,8,73.9,2.6296653299999946
2019-08-11,74.37988669,4.233616667,73.56889361,2019,8,73.9,0.4798866900000007
2019-08-12,60.66216854,4.935833333,72.85026880833334,2019,8,73.9,-13.237831460000002
2019-08-13,81.58867858,6.107708333,73.17449461899999,2019,8,73.9,7.688678580000001
2019-08-14,65.42674584,5.945841667,72.982958838,2019,8,73.9,-8.47325416000001
2019-08-15,67.91924654,5.121266667,72.752493047,2019,8,73.9,-5.9807534600000025
2019-08-16,65.22271942,5.110308333,72.21750194066666,2019,8,73.9,-8.677280580000001
2019-08-17,81.27025628,4.57005,72.834239769,2019,8,73.9,7.370256279999992
2019-08-18,62.1202638,5.784266667,72.88735172933335,2019,8,73.9,-11.77973620000001
2019-08-19,73.38961958,6.238091667,72.76870237366666,2019,8,73.9,-0.5103804200000042
2019-08-20,79.89516234,4.469258333,73.25303966,2019,8,73.9,5.995162339999993
2019-08-21,79.63740059,4.319041667,73.89953395666666,2019,8,73.9,5.737400589999993
2019-08-22,63.4100524,4.894641667,73.36916503900001,2019,8,73.9,-10.489947600000008
2019-08-23,61.57263172,6.059475,72.906715889,2019,8,73.9,-12.327368280000009
2019-08-24,67.21930321,5.11375,72.60188536666666,2019,8,73.9,-6.680696789999999
2019-08-25,63.19590068,5.133858333,72.35300318566668,2019,8,73.9,-10.704099320000005
2019-08-26,66.3089646,4.25785,72.524495553,2019,8,73.9,-7.59103540000001
2019-08-27,60.72209595,6.652741667,72.25117411266666,2019,8,73.9,-13.177904050000002
2019-08-28,63.08059253,5.018358333,71.81071118766667,2019,8,73.9,-10.819407470000009
2019-08-29,71.60160175,2.875591667,71.56534741633332,2019,8,73.9,-2.2983982500000053
2019-08-30,63.56445765,3.195216667,70.90747583166667,2019,8,73.9,-10.335542350000004
2019-08-31,77.71123097,6.1398,71.39334763766666,2019,8,73.9,3.811230969999997
2019-09-01,62.14144711,4.582075,70.83139131866666,2019,9,73.9,-11.758552890000004
2019-09-02,68.21678227,2.78235,70.86807118966665,2019,9,73.9,-5.68321773000001
2019-09-03,66.44978731,2.914716667,70.47987300466667,2019,9,73.9,-7.450212690000001
2019-09-04,73.52279742,2.924125,70.17324315733335,2019,9,73.9,-0.3772025800000023
2019-09-05,65.59199065,4.055225,69.64911707066666,2019,9,73.9,-8.308009350000006
2019-09-06,66.40701216,5.574541667,69.267585233,2019,9,73.9,-7.492987840000012
2019-09-07,71.92436714,2.775916667,69.23409317266666,2019,9,73.9,-1.9756328600000046
2019-09-08,84.64357472,4.570908333,69.51088012566667,2019,9,73.9,10.743574719999998
2019-09-09,75.98908476,4.864208333,69.49286077333333,2019,9,73.9,2.0890847599999915
2019-09-10,72.42388865,5.792425,69.42766083866667,2019,9,73.9,-1.4761113500000107
2019-09-11,84.22859566,5.639958333,70.21320840933332,2019,9,73.9,10.32859565999999
2019-09-12,81.54786406,6.476283333,70.21184792533333,2019,9,73.9,7.647864059999989
2019-09-13,80.21786497,2.53245,70.70488522966666,2019,9,73.9,6.317864969999988
2019-09-14,63.96117672,2.974508333,70.572949569,2019,9,73.9,-9.938823280000008
2019-09-15,69.29612483,2.552158333,70.70872974933333,2019,9,73.9,-4.603875170000009
2019-09-16,63.65162517,1.98435,70.12144204566667,2019,9,73.9,-10.248374830000003
2019-09-17,61.67436516,2.967916667,70.10657875766667,2019,9,73.9,-12.225634840000005
2019-09-18,71.47531581,1.494691667,70.04276863199999,2019,9,73.9,-2.424684190000008
2019-09-19,72.71470361,4.91405,69.80342000766667,2019,9,73.9,-1.1852963900000049
2019-09-20,76.01707319,3.92075,69.68274242766667,2019,9,73.9,2.1170731899999993
2019-09-21,82.28355411,4.271341667,70.31185915133332,2019,9,73.9,8.383554109999992
2019-09-22,72.49029611,3.994125,70.67578129766666,2019,9,73.9,-1.409703890000003
2019-09-23,76.80468408,4.478916667,70.99529399333333,2019,9,73.9,2.9046840799999956
2019-09-24,65.94358811,5.927058333,71.08688357433333,2019,9,73.9,-7.9564118900000125
2019-09-25,77.5996692,5.151191667,71.46324039433333,2019,9,73.9,3.6996691999999882
2019-09-26,78.68319327,4.275775,72.06194363833333,2019,9,73.9,4.783193269999998
2019-09-27,80.31828879,5.9795,72.63653351366665,2019,9,73.9,6.418288789999991
2019-09-28,82.97936701,5.166,73.01579235566668,2019,9,73.9,9.079367009999999
2019-09-29,76.0790729,5.962158333,73.43294619733334,2019,9,73.9,2.179072899999994
2019-09-30,84.59746407,4.655391667,73.66248730066667,2019,9,73.9,10.697464069999995
2019-10-01,79.92690389,6.280383333,74.25533586,2019,10,73.9,6.02690389
2019-10-02,79.62610528,3.846975,74.635646627,2019,10,73.9,5.726105279999999
2019-10-03,65.92235187,5.304516667,74.61806544566666,2019,10,73.9,-7.977648130000006
2019-10-04,66.65418229,5.0467,74.389111608,2019,10,73.9,-7.245817710000011
2019-10-05,76.60160639,5.760425,74.75609879933334,2019,10,73.9,2.701606389999995
2019-10-06,76.5588171,4.48295,75.09449229733333,2019,10,73.9,2.658817099999993
2019-10-07,83.77956872,5.44895,75.48966568333334,2019,10,73.9,9.879568719999995
2019-10-08,83.61471439,5.028433333,75.455370339,2019,10,73.9,9.714714389999997
2019-10-09,75.66140406,4.364933333,75.44444764900001,2019,10,73.9,1.7614040599999896
2019-10-10,80.04870457,4.664875,75.69860817966666,2019,10,73.9,6.1487045699999925
2019-10-11,70.29808375,4.926133333,75.23425778266667,2019,10,73.9,-3.601916250000002
2019-10-12,81.90221019,4.569933333,75.24606932033335,2019,10,73.9,8.00221019
2019-10-13,73.25820899,4.226025,75.01408078766667,2019,10,73.9,-0.6417910100000057
2019-10-14,66.72883504,6.398408333,75.106336065,2019,10,73.9,-7.171164959999999
2019-10-15,76.57787357,5.518016667,75.349061023,2019,10,73.9,2.6778735699999885
2019-10-16,77.0655894,5.176558333,75.796193164,2019,10,73.9,3.1655893999999876
2019-10-17,81.46022721,6.094358333,76.45572189900001,2019,10,73.9,7.560227209999994
2019-10-18,73.77075529,4.18685,76.53223654833332,2019,10,73.9,-0.12924471000000892
2019-10-19,72.74535741,4.9675,76.53325834166665,2019,10,73.9,-1.1546425900000088
2019-10-20,66.34754947,5.845408333,76.21094088433333,2019,10,73.9,-7.5524505300000015
2019-10-21,66.41490897,4.296116667,75.68198604633334,2019,10,73.9,-7.485091030000007
2019-10-22,63.29654995,4.150366667,75.375527841,2019,10,73.9,-10.603450050000006
2019-10-23,69.10798905,4.634425,75.11897133999999,2019,10,73.9,-4.792010950000005
2019-10-24,61.90249418,4.577158333,74.98426820899999,2019,10,73.9,-11.997505820000008
2019-10-25,64.60979865,4.926375,74.55127252400001,2019,10,73.9,-9.290201350000004
2019-10-26,63.8697312,5.485858333,74.057490455,2019,10,73.9,-10.030268800000009
2019-10-27,71.29737388,5.982341667,73.75679329133332,2019,10,73.9,-2.6026261200000107
2019-10-28,67.22986725,5.172216667,73.23180996599999,2019,10,73.9,-6.670132750000008
2019-10-29,70.37343202,6.041108333,73.04162193666666,2019,10,73.9,-3.52656798000001
2019-10-30,68.12164532,5.4497,72.49242797833334,2019,10,73.9,-5.778354680000007
2019-10-31,77.64830877,2.721441667,72.41647480766666,2019,10,73.9,3.748308769999994
2019-11-01,77.83458247,4.808541667,72.35675738066666,2019,11,73.9,3.934582469999995
2019-11-02,64.80290631,4.273133333,72.31944252866667,2019,11,73.9,-9.097093690000008
2019-11-03,74.45366818,3.964708333,72.57942539166667,2019,11,73.9,0.5536681799999883
2019-11-04,83.34200991,4.952183333,72.804105509,2019,11,73.9,9.442009909999996
2019-11-05,75.8734639,4.840366667,72.78126040233333,2019,11,73.9,1.9734638999999987
2019-11-06,66.2641216,3.10135,72.197412165,2019,11,73.9,-7.63587840000001
2019-11-07,71.0687666,3.981483333,71.77921390533334,2019,11,73.9,-2.831233400000002
2019-11-08,64.52656177,4.995958333,71.40805249566667,2019,11,73.9,-9.373438230000005
2019-11-09,70.12474905,4.715275,71.07725397833335,2019,11,73.9,-3.77525095
2019-11-10,69.36295341,2.07705,71.046082967,2019,11,73.9,-4.537046590000003
2019-11-11,64.81060316,1.413825,70.47636273266667,2019,11,73.9,-9.089396840000006
2019-11-12,77.92843953,5.475458333,70.632037084,2019,11,73.9,4.02843953
2019-11-13,69.52200661,5.075183333,70.725142803,2019,11,73.9,-4.37799339
2019-11-14,84.96615776,4.823908333,71.004752276,2019,11,73.9,11.066157759999996
2019-11-15,79.54801003,5.309941667,71.08749963033333,2019,11,73.9,5.648010029999995
2019-11-16,82.33174394,3.784533333,71.11655018799999,2019,11,73.9,8.43174393999999
2019-11-17,84.41106839,4.245008333,71.47122729133335,2019,11,73.9,10.511068389999991
2019-11-18,65.07227211,4.003975,71.21545778133334,2019,11,73.9,-8.827727890000006
2019-11-19,62.04307056,4.947675,71.071975151,2019,11,73.9,-11.856929440000009
2019-11-20,72.24861764,4.982625,71.26643210666667,2019,11,73.9,-1.6513823599999995
2019-11-21,76.42463244,5.125883333,71.70403485633332,2019,11,73.9,2.5246324399999907
2019-11-22,71.74904906,5.070808333,71.79207019,2019,11,73.9,-2.1509509400000013
2019-11-23,74.73660121,4.5307,72.21987375766668,2019,11,73.9,0.8366012099999978
2019-11-24,68.60481354,4.63165,72.35304092066666,2019,11,73.9,-5.295186460000011
2019-11-25,73.4381668,5.065966667,72.671988774,2019,11,73.9,-0.46183320000000094
2019-11-26,75.72524717,5.144575,72.81958455033332,2019,11,73.9,1.8252471699999973
2019-11-27,81.48757264,4.909691667,73.29484139666667,2019,11,73.9,7.5875726399999905
2019-11-28,65.5584894,5.075216667,73.13434330933335,2019,11,73.9,-8.341510600000007
2019-11-29,78.72331671,5.35635,73.48773235566667,2019,11,73.9,4.82331671
2019-11-30,60.77978722,4.935858333,72.925448304,2019,11,73.9,-13.120212780000003
2019-12-01,61.25222241,5.164416667,72.37270296866669,2019,12,73.9,-12.647777590000004
2019-12-02,61.31309634,4.657616667,72.25637596966666,2019,12,73.9,-12.586903660000004
2019-12-03,60.40035154,3.829925,71.78793208166667,2019,12,73.9,-13.499648460000003
2019-12-04,80.60564465,4.460291667,71.69671990633333,2019,12,73.9,6.705644649999996
2019-12-05,73.77890815,4.068883333,71.62690138133333,2019,12,73.9,-0.12109184999999911
2019-12-06,83.93623574,5.344333333,72.21597185266666,2019,12,73.9,10.036235739999995
2019-12-07,80.91636115,4.428558333,72.54422500433334,2019,12,73.9,7.0163611499999945
2019-12-08,81.46790449,5.077075,73.10893642833334,2019,12,73.9,7.567904489999989
2019-12-09,61.30788505,5.0002,72.81504096166667,2019,12,73.9,-12.592114950000003
2019-12-10,60.54377212,4.376766667,72.521068252,2019,12,73.9,-13.356227880000006
2019-12-11,68.95062491,5.168558333,72.659068977,2019,12,73.9,-4.949375090000004
2019-12-12,76.98429416,4.644183333,72.62759746466668,2019,12,73.9,3.084294159999999
2019-12-13,75.90255117,4.143758333,72.84028228333334,2019,12,73.9,2.0025511699999896
2019-12-14,84.88059762,4.925783333,72.83743027866667,2019,12,73.9,10.980597619999998
2019-12-15,76.07204674,5.208358333,72.72156483566667,2019,12,73.9,2.172046739999999
2019-12-16,78.14347624,4.99965,72.58195591233334,2019,12,73.9,4.243476239999993
2019-12-17,77.94346736,4.757833333,72.36636921133332,2019,12,73.9,4.043467359999994
2019-12-18,70.36822921,4.156325,72.54290111466666,2019,12,73.9,-3.53177079000001
2019-12-19,78.06714009,3.243291667,73.07703676566668,2019,12,73.9,4.1671400899999895
2019-12-20,64.69162537,4.259316667,72.82513702333333,2019,12,73.9,-9.208374630000009
2019-12-21,82.21676331,4.399291667,73.01820805233335,2019,12,73.9,8.316763309999999
2019-12-22,60.49224797,4.312083333,72.64298134933333,2019,12,73.9,-13.407752030000005
2019-12-23,80.25737052,4.073933333,72.827006993,2019,12,73.9,6.357370519999989
2019-12-24,67.74430231,3.98975,72.79832328533334,2019,12,73.9,-6.155697690000011
2019-12-25,67.63623348,4.621975,72.604925508,2019,12,73.9,-6.263766520000004
2019-12-26,75.19495773,3.447866667,72.58724919333334,2019,12,73.9,1.294957729999993
2019-12-27,75.95471354,4.633091667,72.40282055666667,2019,12,73.9,2.0547135399999945
2019-12-28,76.32490555,4.370766667,72.76170109499999,2019,12,73.9,2.424905549999991
2019-12-29,73.80300758,4.674466667,72.59769079066668,2019,12,73.9,-0.09699242000000652
2019-12-30,84.08749907,3.726258333,73.374614519,2019,12,73.9,10.187499070000001
2019-12-31,80.96501977,4.288491667,74.03170776433332,2019,12,73.9,7.065019769999992
2020-01-01,83.70730941,5.07465,74.77818153333332,2020,1,73.9,9.807309409999988
2020-01-02,68.11311075,4.731758333,75.035273507,2020,1,73.9,-5.7868892500000015
2020-01-03,63.18895586,4.44045,74.45471721400001,2020,1,73.9,-10.711044140000006
2020-01-04,60.44237102,3.618475,74.01016597633334,2020,1,73.9,-13.457628980000003
2020-01-05,81.86359152,4.872125,73.94107783566668,2020,1,73.9,7.963591519999994
2020-01-06,70.89008782,4.023158333,73.60686872466665,2020,1,73.9,-3.0099121800000006
2020-01-07,67.39285215,4.219875,73.13770031333334,2020,1,73.9,-6.50714785000001
2020-01-08,64.29792409,3.9045,73.23736828133333,2020,1,73.9,-9.60207591000001
2020-01-09,65.62512904,4.863875,73.40674684533333,2020,1,73.9,-8.274870960000001
2020-01-10,72.34655683,4.460858333,73.51994457599999,2020,1,73.9,-1.5534431700000084
2020-01-11,65.55901557,3.445625,73.13910195633333,2020,1,73.9,-8.340984430000006
2020-01-12,65.92991342,2.95095,72.80668069800001,2020,1,73.9,-7.97008658
2020-01-13,67.91174794,4.940891667,72.24105237533334,2020,1,73.9,-5.988252060000008
2020-01-14,74.22727911,5.287825,72.179560121,2020,1,73.9,0.3272791099999921
2020-01-15,69.69250469,5.303925,71.89786106933335,2020,1,73.9,-4.207495309999999
2020-01-16,72.97746538,4.468491667,71.73232766999999,2020,1,73.9,-0.9225346200000075
2020-01-17,80.58311758,4.801725,72.072823949,2020,1,73.9,6.683117580000001
2020-01-18,77.46247881,3.778675,72.05266857299999,2020,1,73.9,3.5624788099999876
2020-01-19,66.24289263,4.791725,72.10437748166667,2020,1,73.9,-7.657107370000006
2020-01-20,72.96244806,5.269483333,71.79590030666667,2020,1,73.9,-0.9375519400000059
2020-01-21,82.20132235,4.84485,72.51953611933332,2020,1,73.9,8.301322349999992
2020-01-22,79.48746197,4.168266667,72.493872501,2020,1,73.9,5.587461969999993
2020-01-23,83.05266113,4.586733333,73.00415112833333,2020,1,73.9,9.152661129999998
2020-01-24,68.40994828,5.462783333,73.02994162166668,2020,1,73.9,-5.490051720000011
2020-01-25,76.61827091,5.043483333,73.07738539433333,2020,1,73.9,2.718270910000001
2020-01-26,61.44432892,5.185541667,72.593705907,2020,1,73.9,-12.455671080000009
2020-01-27,84.4285727,4.759466667,72.86382814533334,2020,1,73.9,10.528572699999998
2020-01-28,79.5164149,5.548808333,73.054275056,2020,1,73.9,5.616414899999995
2020-01-29,74.37671701,4.882208333,72.73058232066666,2020,1,73.9,0.47671700999998734
2020-01-30,72.74831232,4.496141667,72.45669207233335,2020,1,73.9,-1.151687680000009
2020-01-31,74.59827958,4.346266667,72.15305774466667,2020,1,73.9,0.6982795799999906
2020-02-01,71.53914034,3.808933333,72.26725873100001,2020,2,73.9,-2.3608596600000027
2020-02-02,81.08305582,4.807375,72.86372872966668,2020,2,73.9,7.183055819999993
2020-02-03,76.69208752,5.049441667,73.40538594633334,2020,2,73.9,2.7920875199999955
2020-02-04,60.07748076,4.772808333,72.67918225433333,2020,2,73.9,-13.822519240000005
2020-02-05,79.76798567,5.172516667,72.97511218266666,2020,2,73.9,5.867985669999996
2020-02-06,68.61560135,4.62125,73.01587048933334,2020,2,73.9,-5.28439865
2020-02-07,68.221907,5.256708333,73.14666991966666,2020,2,73.9,-5.678093000000004
2020-02-08,67.14574438,4.639883333,73.19735709766665,2020,2,73.9,-6.754255620000009
2020-02-09,76.95976768,3.420391667,73.35113079266668,2020,2,73.9,3.059767679999993
2020-02-10,81.43525406,4.015516667,73.88033874233334,2020,2,73.9,7.53525406
2020-02-11,69.42633522,5.081233333,73.99688613566667,2020,2,73.9,-4.473664780000007
2020-02-12,64.03814869,4.590058333,73.86776616066668,2020,2,73.9,-9.861851310000006
2020-02-13,70.12644246,5.550083333,73.73107160566666,2020,2,73.9,-3.7735575399999988
2020-02-14,82.65052929,4.707008333,74.16300575900001,2020,2,73.9,8.750529289999989
2020-02-15,72.65061161,5.042708333,74.15211063333335,2020,2,73.9,-1.2493883900000071
2020-02-16,75.54118779,4.418366667,73.984046307,2020,2,73.9,1.6411877899999894
2020-02-17,81.3842326,5.067591667,74.11477143333333,2020,2,73.9,7.484232599999999
2020-02-18,77.90623055,5.636816667,74.503549364,2020,2,73.9,4.006230549999998
2020-02-19,76.79041536,6.350425,74.631148274,2020,2,73.9,2.8904153599999916
2020-02-20,83.89612571,5.145483333,74.68764171933334,2020,2,73.9,9.996125710000001
2020-02-21,83.53209907,5.7667,74.82246295600001,2020,2,73.9,9.632099069999995
2020-02-22,69.68113594,6.243441667,74.37674544966667,2020,2,73.9,-4.218864060000001
2020-02-23,60.06530537,6.434125,74.098590686,2020,2,73.9,-13.834694630000008
2020-02-24,62.6673872,6.1229,73.633561229,2020,2,73.9,-11.232612800000005
2020-02-25,78.0071967,5.188775,74.18565682166667,2020,2,73.9,4.107196699999989
2020-02-26,65.72326849,5.680933333,73.56214668133333,2020,2,73.9,-8.17673151000001
2020-02-27,65.54940032,5.403366667,73.09657952866668,2020,2,73.9,-8.350599680000002
2020-02-28,64.56595764,6.12265,72.76955421633333,2020,2,73.9,-9.334042360000012
2020-02-29,82.30482922,5.796691667,73.08810477966666,2020,2,73.9,8.404829219999996
2020-03-01,74.88923695,5.176516667,73.09780335866667,2020,3,73.9,0.9892369499999916
2020-03-02,63.66429443,4.816608333,72.83530849499999,2020,3,73.9,-10.235705570000007
2020-03-03,72.6161465,4.1532,72.55307818433333,2020,3,73.9,-1.2838535000000064
2020-03-04,70.46245743,4.285125,72.34542384800001,2020,3,73.9,-3.437542570000005
2020-03-05,62.78228328,4.463325,72.435583932,2020,3,73.9,-11.117716720000004
2020-03-06,83.10785383,3.399758333,72.54691287066666,2020,3,73.9,9.20785382999999
2020-03-07,62.56384478,5.052308333,72.34518765166666,2020,3,73.9,-11.336155220000009
2020-03-08,78.41201713,4.931158333,72.68485798933334,2020,3,73.9,4.51201712999999
2020-03-09,70.01554065,4.916208333,72.78051786500001,2020,3,73.9,-3.88445935
2020-03-10,79.59305672,5.029041667,72.86829416633333,2020,3,73.9,5.693056720000001
2020-03-11,70.73858114,4.954483333,72.51173840233334,2020,3,73.9,-3.161418860000012
2020-03-12,61.86801705,6.153458333,72.25979446333332,2020,3,73.9,-12.031982950000007
2020-03-13,82.27915168,6.144225,72.86782789633334,2020,3,73.9,8.379151679999993
2020-03-14,75.00459407,5.178616667,73.03043294999999,2020,3,73.9,1.1045940699999903
2020-03-15,64.78337215,6.693333333,72.43486104533332,2020,3,73.9,-9.11662785
2020-03-16,81.32610463,6.1471,72.724044146,2020,3,73.9,7.4261046299999975
2020-03-17,66.79593751,5.987283333,72.43253580333334,2020,3,73.9,-7.104062490000004
2020-03-18,74.95654113,5.698666667,72.218279421,2020,3,73.9,1.0565411299999994
2020-03-19,73.80255292,5.195333333,72.08149016666668,2020,3,73.9,-0.09744708000000912
2020-03-20,70.69409106,6.153958333,71.87827935666665,2020,3,73.9,-3.2059089400000005
2020-03-21,81.5368371,6.044691667,71.79963640300001,2020,3,73.9,7.636837099999994
2020-03-22,72.19813593,6.300491667,71.42183763166666,2020,3,73.9,-1.7018640699999992
2020-03-23,77.8618266,5.735908333,71.69452732033332,2020,3,73.9,3.961826599999995
2020-03-24,77.59843007,5.065016667,72.27896481033333,2020,3,73.9,3.6984300700000006
2020-03-25,66.46583975,5.75035,72.40557989533333,2020,3,73.9,-7.434160250000005
2020-03-26,65.64295468,5.283633333,71.99343849466666,2020,3,73.9,-8.257045320000003
2020-03-27,78.16473702,5.239491667,72.40815411233334,2020,3,73.9,4.264737019999998
2020-03-28,73.16790602,4.19995,72.66210430233333,2020,3,73.9,-0.7320939800000019
2020-03-29,78.50808763,5.704341667,73.12684196866667,2020,3,73.9,4.60808763
2020-03-30,75.83693391,5.285141667,72.91124545833333,2020,3,73.9,1.9369339099999934
2020-03-31,60.67226397,4.233066667,72.437346359,2020,3,73.9,-13.227736030000003
2020-04-01,82.11412349,5.621783333,73.052340661,2020,4,73.9,8.214123489999992
2020-04-02,74.55928009,5.678833333,73.11711178066666,2020,4,73.9,0.6592800899999958
2020-04-03,66.57508661,6.185891667,72.98753275333334,2020,4,73.9,-7.324913390000006
2020-04-04,62.87570892,5.683275,72.99064694133334,2020,4,73.9,-11.024291080000005
2020-04-05,75.3222915,6.892741667,72.73112819700002,2020,4,73.9,1.4222915
2020-04-06,81.68313782,5.083058333,73.36843796500001,2020,4,73.9,7.783137819999993
2020-04-07,61.78406378,4.884625,72.81417285333333,2020,4,73.9,-12.115936220000009
2020-04-08,77.17234434,3.9222,73.05273297633335,2020,4,73.9,3.2723443399999894
2020-04-09,60.87938942,5.728558333,72.42894406633333,2020,4,73.9,-13.020610580000003
2020-04-10,71.28257684,5.737091667,72.44707725633333,2020,4,73.9,-2.6174231600000013
2020-04-11,82.41476398,4.889091667,73.13196882066669,2020,4,73.9,8.514763979999998
2020-04-12,76.130166,5.596908333,72.92700263133334,2020,4,73.9,2.230165999999997
2020-04-13,75.91324908,1.867816667,72.95729113166666,2020,4,73.9,2.0132490799999943
2020-04-14,70.20791599,4.534533333,73.13810925966666,2020,4,73.9,-3.692084010000002
2020-04-15,66.79622733,4.452058333,72.65378001633333,2020,4,73.9,-7.103772670000012
2020-04-16,77.3903263,5.429983333,73.00692630933332,2020,4,73.9,3.4903262999999924
2020-04-17,84.3892094,4.472725,73.32134858499998,2020,4,73.9,10.489209399999993
2020-04-18,77.60284402,5.449091667,73.448024955,2020,4,73.9,3.7028440200000006
2020-04-19,80.89820241,5.1757,73.78816200000001,2020,4,73.9,6.99820240999999
2020-04-20,79.2948459,5.584291667,73.71342896,2020,4,73.9,5.394845899999993
2020-04-21,76.03952017,6.457483333,73.84147510133333,2020,4,73.9,2.1395201699999973
2020-04-22,77.48334589,4.577166667,73.82885907766668,2020,4,73.9,3.5833458899999897
2020-04-23,62.82706934,5.740241667,73.33648038666666,2020,4,73.9,-11.072930660000004
2020-04-24,84.1218026,5.062733333,73.92501248166667,2020,4,73.9,10.22180259999999
2020-04-25,65.11002022,5.805525,73.90724799966667,2020,4,73.9,-8.78997978000001
2020-04-26,75.44146139,5.5169,73.81647214533334,2020,4,73.9,1.541461389999995
2020-04-27,81.05356964,6.154783333,74.07932759933333,2020,4,73.9,7.153569640000001
2020-04-28,64.64080488,5.878933333,73.61708484100001,2020,4,73.9,-9.259195120000001
2020-04-29,74.85887606,6.08545,73.58448291266667,2020,4,73.9,0.9588760599999944
2020-04-30,63.15958673,5.207166667,73.66739367133333,2020,4,73.9,-10.740413270000005
2020-05-01,66.45267836,6.03805,73.14534550033333,2020,5,73.9,-7.447321640000013
2020-05-02,72.70199367,4.663708333,73.08343595299999,2020,5,73.9,-1.1980063300000126
2020-05-03,61.52043168,5.464791667,72.91494745533332,2020,5,73.9,-12.379568320000004
2020-05-04,83.57701162,4.592633333,73.60499087866667,2020,5,73.9,9.677011619999988
2020-05-05,72.70031641,4.253583333,73.517591709,2020,5,73.9,-1.1996835900000065
2020-05-06,64.16616159,4.880816667,72.93369250133333,2020,5,73.9,-9.733838410000004
2020-05-07,73.66441626,4.841466667,73.32970425066667,2020,5,73.9,-0.2355837400000098
2020-05-08,79.27741162,4.510683333,73.39987315999998,2020,5,73.9,5.3774116199999895
2020-05-09,75.53316584,4.7767,73.88833237399999,2020,5,73.9,1.6331658399999895
2020-05-10,77.48359923,5.5035,74.09503312033333,2020,5,73.9,3.58359922999999
2020-05-11,62.99092766,3.838958333,73.44757190966666,2020,5,73.9,-10.909072340000009
2020-05-12,83.66946472,4.668425,73.698881867,2020,5,73.9,9.769464719999988
2020-05-13,61.29004466,5.32895,73.21144171966667,2020,5,73.9,-12.609955340000006
2020-05-14,79.66622125,5.247483333,73.52671856166667,2020,5,73.9,5.766221250000001
2020-05-15,73.66880954,5.217991667,73.75580463533333,2020,5,73.9,-0.23119046000000765
2020-05-16,60.20311141,4.272483333,73.18289747233332,2020,5,73.9,-13.696888590000007
2020-05-17,70.90608973,4.650916667,72.73346015,2020,5,73.9,-2.9939102700000007
2020-05-18,74.52685415,6.124416667,72.63092715433332,2020,5,73.9,0.6268541499999998
2020-05-19,67.26114675,6.448066667,72.17635863233333,2020,5,73.9,-6.638853250000011
2020-05-20,70.21361199,3.399866667,71.87365083533334,2020,5,73.9,-3.6863880100000017
2020-05-21,82.32711052,6.2427,72.08323718033334,2020,5,73.9,8.42711052
2020-05-22,80.67790069,6.165941667,72.18972234033332,2020,5,73.9,6.777900689999996
2020-05-23,62.74954517,1.4891,72.18713820133333,2020,5,73.9,-11.150454830000008
2020-05-24,81.82315425,5.269075,72.11051658966666,2020,5,73.9,7.923154249999996
2020-05-25,75.91676788,4.344958333,72.47074151166666,2020,5,73.9,2.016767879999989
2020-05-26,67.16432717,6.278041667,72.19483703766667,2020,5,73.9,-6.735672829999999
2020-05-27,75.5982992,5.529083333,72.01299468966667,2020,5,73.9,1.698299199999994
2020-05-28,60.14444599,4.094625,71.86311606,2020,5,73.9,-13.755554010000004
2020-05-29,78.11811297,3.191908333,71.97175729033333,2020,5,73.9,4.218112969999993
2020-05-30,74.37539486,4.843125,72.34561756133333,2020,5,73.9,0.4753948599999944
2020-05-31,79.16048578,5.349741667,72.76921114199999,2020,5,73.9,5.260485779999996
2020-06-01,71.53446031,5.753025,72.73029336333335,2020,6,73.9,-2.3655396900000056
2020-06-02,64.08646177,5.967441667,72.81582769966667,2020,6,73.9,-9.813538230000006
2020-06-03,80.38717989,6.481433333,72.70949997533333,2020,6,73.9,6.487179889999993
2020-06-04,60.82239997,3.482566667,72.31356942733332,2020,6,73.9,-13.077600030000006
2020-06-05,75.2775677,6.091116667,72.68394963099999,2020,6,73.9,1.3775677000000002
2020-06-06,80.05087178,4.356791667,72.89683148166667,2020,6,73.9,6.150871779999989
2020-06-07,76.95485378,5.720458333,72.81941288700001,2020,6,73.9,3.0548537799999878
2020-06-08,77.23057649,6.532991667,72.875993242,2020,6,73.9,3.3305764899999986
2020-06-09,61.45226716,3.159608333,72.34161550633334,2020,6,73.9,-12.447732840000008
2020-06-10,80.56177209,2.94105,72.92731032066668,2020,6,73.9,6.6617720899999995
2020-06-11,80.49167267,4.143441667,72.821383919,2020,6,73.9,6.591672669999994
2020-06-12,76.09915651,5.833833333,73.31502098066667,2020,6,73.9,2.1991565099999946
2020-06-13,79.12138992,4.894733333,73.29685993633333,2020,6,73.9,5.221389919999993
2020-06-14,69.28932896,2.969216667,73.15087725033335,2020,6,73.9,-4.61067104
2020-06-15,81.96849911,4.313208333,73.87639017366668,2020,6,73.9,8.06849910999999
2020-06-16,77.38420173,4.991241667,74.09232724033333,2020,6,73.9,3.4842017299999952
2020-06-17,80.78633305,5.370116667,74.300976537,2020,6,73.9,6.88633304999999
2020-06-18,70.69656628,6.145133333,74.41549052133334,2020,6,73.9,-3.2034337200000067
2020-06-19,63.21001611,3.97175,74.18203732533333,2020,6,73.9,-10.689983890000008
2020-06-20,65.50143335,5.586458333,73.62118141966667,2020,6,73.9,-8.398566650000006
2020-06-21,60.59029075,3.6268,72.95159442166667,2020,6,73.9,-13.309709250000004
2020-06-22,71.52459314,5.206775,73.24409602066666,2020,6,73.9,-2.3754068600000124
2020-06-23,76.83622871,5.4909,73.07786516933334,2020,6,73.9,2.9362287099999946
2020-06-24,65.04704193,4.751008333,72.71554097100001,2020,6,73.9,-8.85295807
2020-06-25,70.15457285,3.24855,72.81521582699999,2020,6,73.9,-3.745427150000012
2020-06-26,74.3154578,5.469508333,72.772454447,2020,6,73.9,0.41545779999999866
2020-06-27,74.96356782,5.332758333,73.26642517466667,2020,6,73.9,1.0635678199999887
2020-06-28,77.37486539,3.041866667,73.24165025533334,2020,6,73.9,3.474865389999991
2020-06-29,70.47128212,2.168291667,73.11151316399999,2020,6,73.9,-3.4287178800000078
2020-06-30,65.03854779,2.612158333,72.64078189766668,2020,6,73.9,-8.86145221000001
2020-07-01,60.27022685,4.446141667,72.26530744899999,2020,7,73.3088,-13.038573150000005
2020-07-02,72.57201088,5.703241667,72.548159086,2020,7,73.3088,-0.7367891200000116
2020-07-03,60.52503388,4.314441667,71.88608755233334,2020,7,73.3088,-12.783766120000003
2020-07-04,69.59664044,5.0388,72.17856223466667,2020,7,73.3088,-3.7121595600000035
2020-07-05,61.4168444,3.555841667,71.71653812466667,2020,7,73.3088,-11.891955600000003
2020-07-06,60.63686397,3.430008333,71.06940453099999,2020,7,73.3088,-12.671936030000005
2020-07-07,70.1795035,5.052775,70.84355952166666,2020,7,73.3088,-3.1292965000000095
2020-07-08,70.98429495,4.669158333,70.635350137,2020,7,73.3088,-2.324505049999999
2020-07-09,62.52589819,4.819108333,70.67113783799999,2020,7,73.3088,-10.782901810000006
2020-07-10,79.04237853,5.808341667,70.620491386,2020,7,73.3088,5.733578529999988
2020-07-11,61.03987646,5.056216667,69.97209817899999,2020,7,73.3088,-12.268923540000003
2020-07-12,83.20947604,5.706333333,70.20910883,2020,7,73.3088,9.900676039999993
2020-07-13,79.82261729,5.080458333,70.23248307566668,2020,7,73.3088,6.5138172899999915
2020-07-14,83.21232225,6.802625,70.69658285199999,2020,7,73.3088,9.903522249999995
2020-07-15,82.87603269,6.373325,70.72683397133332,2020,7,73.3088,9.567232689999997
2020-07-16,84.72339623,3.385833333,70.971473788,2020,7,73.3088,11.41459623
2020-07-17,70.1763765,4.903241667,70.61780856966666,2020,7,73.3088,-3.1324235000000016
2020-07-18,63.41637107,3.602683333,70.37513539599999,2020,7,73.3088,-9.892428930000008
2020-07-19,74.51663485,5.185658333,70.75202268733334,2020,7,73.3088,1.2078348499999976
2020-07-20,61.60675397,4.802258333,70.62220004133333,2020,7,73.3088,-11.702046030000005
2020-07-21,74.38164019,3.878741667,71.08191168933332,2020,7,73.3088,1.0728401899999938
2020-07-22,68.78996992,5.033941667,70.990757582,2020,7,73.3088,-4.518830080000001
2020-07-23,80.34768649,5.238233333,71.10780617466666,2020,7,73.3088,7.038886489999996
2020-07-24,83.21377527,4.326291667,71.71336395266667,2020,7,73.3088,9.904975269999994
2020-07-25,63.95863352,5.342891667,71.50683264166668,2020,7,73.3088,-9.350166480000006
2020-07-26,74.81788739,4.191575,71.52358029466664,2020,7,73.3088,1.5090873899999906
2020-07-27,78.84769573,6.463783333,71.653051225,2020,7,73.3088,5.538895729999993
2020-07-28,73.53916359,4.672008333,71.52519449833333,2020,7,73.3088,0.23036358999999607
2020-07-29,84.27499891,5.826408333,71.98531839133334,2020,7,73.3088,10.966198909999989
2020-07-30,76.33637825,5.928366667,72.36191274,2020,7,73.3088,3.0275782499999906
2020-07-31,81.89387409,2.833108333,73.08270098133333,2020,7,73.3088,8.585074089999992
2020-08-01,60.48325108,4.023816667,72.67974232133334,2020,8,73.3088,-12.825548920000003
2020-08-02,75.23499646,3.128775,73.17007440733332,2020,8,73.3088,1.9261964599999999
2020-08-03,68.36815611,3.270375,73.12912492966667,2020,8,73.3088,-4.940643890000004
2020-08-04,66.82187004,3.911008333,73.30929245099999,2020,8,73.3088,-6.486929960000012
2020-08-05,78.12217834,4.348208333,73.89213626333334,2020,8,73.3088,4.81337834
2020-08-06,83.73038692,4.216683333,74.34383237733333,2020,8,73.3088,10.421586919999996
2020-08-07,83.80450831,4.42375,74.77117282266666,2020,8,73.3088,10.495708309999998
2020-08-08,67.59783611,4.228008333,74.94023742,2020,8,73.3088,-5.710963890000002
2020-08-09,66.90940439,3.826891667,74.53580494866668,2020,8,73.3088,-6.399395609999999
2020-08-10,70.68643663,4.77865,74.85735695433333,2020,8,73.3088,-2.622363370000002
2020-08-11,80.91626741,5.032291667,74.78091666666667,2020,8,73.3088,7.607467409999998
2020-08-12,63.18027054,2.374025,74.22617177500001,2020,8,73.3088,-10.128529460000003
2020-08-13,70.54251848,3.296125,73.80384498266667,2020,8,73.3088,-2.766281520000007
2020-08-14,62.43740341,5.338333333,73.12255734,2020,8,73.3088,-10.871396590000003
2020-08-15,68.05950151,6.542925,72.56709418266668,2020,8,73.3088,-5.249298490000001
2020-08-16,64.51231562,6.588108333,72.37829215333333,2020,8,73.3088,-8.79648438000001
2020-08-17,83.38144698,5.805491667,73.04379468366666,2020,8,73.3088,10.072646980000002
2020-08-18,83.27885928,4.6093,73.33586883133333,2020,8,73.3088,9.970059280000001
2020-08-19,70.80370196,4.504258333,73.64243376433335,2020,8,73.3088,-2.505098040000007
2020-08-20,72.01206975,4.920458333,73.563448083,2020,8,73.3088,-1.2967302500000102
2020-08-21,60.02388617,5.852966667,73.27124529133333,2020,8,73.3088,-13.284913830000008
2020-08-22,65.39352233,5.7299,72.77277315266666,2020,8,73.3088,-7.915277670000009
2020-08-23,81.24745954,5.770433333,72.707229295,2020,8,73.3088,7.938659539999989
2020-08-24,82.81310078,6.372925,73.335711537,2020,8,73.3088,9.504300779999994
2020-08-25,67.76977824,6.375016667,73.10077456533332,2020,8,73.3088,-5.539021760000011
2020-08-26,63.01606436,5.904958333,72.57305351966666,2020,8,73.3088,-10.292735640000004
2020-08-27,73.65052644,6.356391667,72.57676561466666,2020,8,73.3088,0.341726439999988
2020-08-28,81.09543452,6.098608333,72.470780135,2020,8,73.3088,7.786634519999993
2020-08-29,64.68213301,6.4524,72.08230529366666,2020,8,73.3088,-8.626666990000004
2020-08-30,76.03943489,4.734875,71.88715732033333,2020,8,73.3088,2.7306348899999904
2020-08-31,82.64278301,6.173716667,72.62580838466667,2020,8,73.3088,9.333983009999997
2020-09-01,77.2688698,3.607716667,72.69360416266666,2020,9,73.3088,3.9600697999999994
2020-09-02,80.25530527,5.848,73.08984246799999,2020,9,73.3088,6.946505269999989
2020-09-03,79.11494783,5.022025,73.49961172766668,2020,9,73.3088,5.8061478300000005
2020-09-04,64.27829856,6.7933,73.03814906833333,2020,9,73.3088,-9.030501440000009
2020-09-05,79.50033226,5.315975,72.89714724633333,2020,9,73.3088,6.191532259999988
2020-09-06,75.98413614,5.303933333,72.63646817399999,2020,9,73.3088,2.675336139999999
2020-09-07,65.23346652,6.947316667,72.55765585433332,2020,9,73.3088,-8.075333480000012
2020-09-08,83.00012978,5.245983333,73.09401336733332,2020,9,73.3088,9.69132977999999
2020-09-09,70.81294717,3.982816667,73.09823038533334,2020,9,73.3088,-2.495852830000004
2020-09-10,65.33308202,4.208775,72.57879087233333,2020,9,73.3088,-7.975717979999999
2020-09-11,74.15784385,6.204075,72.94470998266667,2020,9,73.3088,0.849043850000001
2020-09-12,63.67723912,4.825333333,72.71586733733334,2020,9,73.3088,-9.631560880000002
2020-09-13,77.09746893,3.430558333,73.204536188,2020,9,73.3088,3.78866893
2020-09-14,66.50726911,3.86695,73.15279510799999,2020,9,73.3088,-6.801530890000009
2020-09-15,62.09406595,5.83625,73.07218678566667,2020,9,73.3088,-11.214734050000004
2020-09-16,66.69350044,5.193391667,72.515921901,2020,9,73.3088,-6.615299560000011
2020-09-17,65.98626146,4.751516667,71.93950197366667,2020,9,73.3088,-7.322538540000011
2020-09-18,65.81474179,3.082125,71.77320330133333,2020,9,73.3088,-7.494058210000006
2020-09-19,71.86334764,1.961641667,71.76824589766667,2020,9,73.3088,-1.4454523600000044
2020-09-20,76.09235854,5.438716667,72.30386164333335,2020,9,73.3088,2.7835585400000014
2020-09-21,70.73095945,5.726066667,72.481776214,2020,9,73.3088,-2.577840550000005
2020-09-22,72.61577295,5.455016667,72.19405332766668,2020,9,73.3088,-0.693027050000012
2020-09-23,77.03613837,5.434108333,72.00148791400001,2020,9,73.3088,3.7273383699999982
2020-09-24,80.76889776,6.261908333,72.434791898,2020,9,73.3088,7.4600977599999965
2020-09-25,80.78640954,3.901775,73.02713673733335,2020,9,73.3088,7.477609539999989
2020-09-26,71.77520677,3.824825,72.96462608166667,2020,9,73.3088,-1.5335932300000081
2020-09-27,70.39030075,3.45985,72.60778828933333,2020,9,73.3088,-2.9184992500000106
2020-09-28,60.58774693,3.970241667,72.47130875333333,2020,9,73.3088,-12.721053070000004
2020-09-29,62.84506203,4.564616667,72.03149632466668,2020,9,73.3088,-10.463737970000004
2020-09-30,83.18899003,5.392108333,72.04970322533333,2020,9,73.3088,9.880190029999994
2020-10-01,62.73674669,4.0125,71.56529912166667,2020,10,73.3088,-10.572053310000008
2020-10-02,73.71892061,2.411141667,71.34741963300002,2020,10,73.3088,0.4101206099999928
2020-10-03,72.4401401,5.345891667,71.124926042,2020,10,73.3088,-0.8686599000000115
2020-10-04,76.93894479,4.904075,71.546947583,2020,10,73.3088,3.6301447899999886
2020-10-05,60.24167536,3.05,70.904992353,2020,10,73.3088,-13.067124640000003
2020-10-06,80.87436482,3.399941667,71.06799997566667,2020,10,73.3088,7.565564819999992
2020-10-07,84.47100223,1.767241667,71.709251166,2020,10,73.3088,11.162202229999991
2020-10-08,84.98011969,4.223466667,71.77525082966667,2020,10,73.3088,11.67131968999999
2020-10-09,63.67023399,1.825283333,71.53716039033334,2020,10,73.3088,-9.638566010000005
2020-10-10,80.63019308,2.645533333,72.04706409233333,2020,10,73.3088,7.321393079999993
2020-10-11,75.48120255,2.573858333,72.091176049,2020,10,73.3088,2.172402550000001
2020-10-12,74.21314908,4.169058333,72.44237304766666,2020,10,73.3088,0.9043490799999887
2020-10-13,84.9617997,4.326308333,72.70451740666665,2020,10,73.3088,11.652999699999995
2020-10-14,67.80043625,2.54325,72.747622978,2020,10,73.3088,-5.508363750000001
2020-10-15,69.25622925,2.999,72.98636175466666,2020,10,73.3088,-4.052570750000001
2020-10-16,70.50378529,2.124833333,73.11337124966667,2020,10,73.3088,-2.805014710000009
2020-10-17,69.40774697,2.839691667,73.22742076666667,2020,10,73.3088,-3.90105303
2020-10-18,74.01298316,2.898758333,73.50069547899999,2020,10,73.3088,0.7041831599999995
2020-10-19,70.06526772,4.856016667,73.44075948166666,2020,10,73.3088,-3.243532280000011
2020-10-20,63.29134117,4.438566667,73.01405890266666,2020,10,73.3088,-10.017458830000002
2020-10-21,83.25306691,3.001575,73.43146248466668,2020,10,73.3088,9.944266909999996
2020-10-22,82.907448,5.948458333,73.77451831966667,2020,10,73.3088,9.598647999999997
2020-10-23,60.71307876,5.029258333,73.23041633266666,2020,10,73.3088,-12.595721240000003
2020-10-24,62.309339,5.099741667,72.61509770733332,2020,10,73.3088,-10.999461000000004
2020-10-25,77.38291574,2.715316667,72.50164791399999,2020,10,73.3088,4.074115739999996
2020-10-26,78.27408102,5.14175,72.71827705566666,2020,10,73.3088,4.965281019999992
2020-10-27,69.67418695,3.935491667,72.69440659566666,2020,10,73.3088,-3.6346130499999987
2020-10-28,80.49438618,2.206325,73.35796123733333,2020,10,73.3088,7.185586180000001
2020-10-29,84.92437313,3.794083333,74.093938274,2020,10,73.3088,11.615573130000001
2020-10-30,81.17184293,4.33635,74.02670003733333,2020,10,73.3088,7.863042929999992
2020-10-31,77.81053225,3.985316667,74.529159556,2020,10,73.3088,4.501732249999989
2020-11-01,66.21683521,4.631875,74.27909004266667,2020,11,73.3088,-7.091964790000006
2020-11-02,82.55276598,3.199641667,74.616177572,2020,11,73.3088,9.243965979999999
2020-11-03,84.68920224,5.397516667,74.874519487,2020,11,73.3088,11.380402239999995
2020-11-04,75.06431608,3.881266667,75.368607511,2020,11,73.3088,1.7555160799999925
2020-11-05,74.90404968,5.158883333,75.16959700633333,2020,11,73.3088,1.595249679999995
2020-11-06,62.56887417,2.401275,74.439526071,2020,11,73.3088,-10.739925830000004
2020-11-07,70.66678186,4.188108333,73.96241480999998,2020,11,73.3088,-2.6420181400000047
2020-11-08,62.12552221,4.948775,73.91092441733333,2020,11,73.3088,-11.183277790000005
2020-11-09,75.87799173,3.40385,73.75251770566666,2020,11,73.3088,2.56919173
2020-11-10,70.46339039,3.473483333,73.58525730033332,2020,11,73.3088,-2.8454096100000044
2020-11-11,81.40364062,3.210316667,73.82494035166668,2020,11,73.3088,8.09484062
2020-11-12,60.88355471,4.436241667,73.02233218533334,2020,11,73.3088,-12.425245290000007
2020-11-13,69.39930931,4.856416667,73.07562795400001,2020,11,73.3088,-3.9094906899999984
2020-11-14,73.55679318,5.4906,73.21898008499998,2020,11,73.3088,0.2479931799999946
2020-11-15,84.10658453,4.450458333,73.67240672633334,2020,11,73.3088,10.797784530000001
2020-11-16,74.71188286,4.598091667,73.84921125599999,2020,11,73.3088,1.4030828599999978
2020-11-17,64.97284081,5.437575,73.54787317766666,2020,11,73.3088,-8.335959190000011
2020-11-18,69.81664739,3.887516667,73.53958583333333,2020,11,73.3088,-3.492152610000005
2020-11-19,62.28045255,3.99265,73.50588954599999,2020,11,73.3088,-11.028347450000005
2020-11-20,79.63375104,4.206191667,73.38524568366665,2020,11,73.3088,6.324951040000002
2020-11-21,64.55297305,3.515766667,72.77342985199999,2020,11,73.3088,-8.75582695
2020-11-22,61.82516432,4.502883333,72.81049937066668,2020,11,73.3088,-11.483635680000006
2020-11-23,62.58018588,3.430041667,72.8195276,2020,11,73.3088,-10.728614120000003
2020-11-24,61.50498092,4.42425,72.29026310600001,2020,11,73.3088,-11.803819080000004
2020-11-25,80.42356437,4.824158333,72.361912551,2020,11,73.3088,7.114764369999989
2020-11-26,62.05539273,4.384575,72.10795274366666,2020,11,73.3088,-11.253407270000004
2020-11-27,80.88446781,4.1413,72.12095546466666,2020,11,73.3088,7.575667809999999
2020-11-28,75.32861428,4.05465,71.80109683633333,2020,11,73.3088,2.0198142799999914
2020-11-29,63.04094468,2.462508333,71.19673356133333,2020,11,73.3088,-10.267855320000002
2020-11-30,62.19627712,3.986191667,70.67625839033333,2020,11,73.3088,-11.112522880000007
2020-12-01,68.55667082,3.422875,70.75425291066666,2020,12,73.3088,-4.752129180000011
2020-12-02,66.13656954,4.100191667,70.20704636266667,2020,12,73.3088,-7.172230460000009
2020-12-03,76.05161584,5.60325,69.919126816,2020,12,73.3088,2.7428158399999916
2020-12-04,72.24697723,5.626008333,69.825215521,2020,12,73.3088,-1.0618227700000062
2020-12-05,77.03525004,5.074833333,69.89625553299999,2020,12,73.3088,3.726450039999989
2020-12-06,70.84967242,5.420141667,70.17228214133334,2020,12,73.3088,-2.4591275800000005
2020-12-07,82.58404325,3.066733333,70.56952418766667,2020,12,73.3088,9.275243249999988
2020-12-08,79.51818541,4.480466667,71.14927962766666,2020,12,73.3088,6.209385409999996
2020-12-09,74.40351479,3.3859,71.10013039633333,2020,12,73.3088,1.0947147899999976
2020-12-10,81.67746184,3.428716667,71.473932778,2020,12,73.3088,8.368661840000001
2020-12-11,75.57106335,2.8102,71.27951353566667,2020,12,73.3088,2.262263349999998
2020-12-12,82.09009491,3.284166667,71.986398209,2020,12,73.3088,8.78129491
2020-12-13,75.25616007,2.810166667,72.18162656766667,2020,12,73.3088,1.947360070000002
2020-12-14,71.20318243,4.296166667,72.10317287599999,2020,12,73.3088,-2.105617570000007
2020-12-15,67.29291394,4.15135,71.54271718966667,2020,12,73.3088,-6.01588606
2020-12-16,79.91800065,4.663783333,71.71625444933333,2020,12,73.3088,6.609200649999991
2020-12-17,80.04062009,4.445075,72.21851375866666,2020,12,73.3088,6.731820089999999
2020-12-18,76.00328045,3.599541667,72.42473486066666,2020,12,73.3088,2.6944804500000004
2020-12-19,78.98540616,3.687291667,72.98156664766665,2020,12,73.3088,5.6766061599999915
2020-12-20,77.73573139,3.353266667,72.918299326,2020,12,73.3088,4.426931389999993
2020-12-21,72.06306798,4.921075,73.16863582366666,2020,12,73.3088,-1.2457320200000055
2020-12-22,64.03572444,2.876825,73.242321161,2020,12,73.3088,-9.27307556000001
2020-12-23,82.28081061,3.4587,73.899008652,2020,12,73.3088,8.972010609999998
2020-12-24,83.62682548,4.203441667,74.63640347066666,2020,12,73.3088,10.318025479999989
2020-12-25,62.18401975,4.012741667,74.02841865,2020,12,73.3088,-11.124780250000008
2020-12-26,80.77043024,4.949166667,74.65225323366667,2020,12,73.3088,7.461630239999991
2020-12-27,66.81759374,4.482958333,74.18335743133333,2020,12,73.3088,-6.4912062599999985
2020-12-28,60.11023343,4.528641667,73.67607806966666,2020,12,73.3088,-13.198566570000004
2020-12-29,64.9488999,4.800583333,73.739676577,2020,12,73.3088,-8.359900100000004
2020-12-30,77.60357917,2.427341667,74.253253312,2020,12,73.3088,4.294779169999998
2020-12-31,63.36967939,3.629525,74.08035359766667,2020,12,73.3088,-9.939120610000003
2021-01-01,83.66641687,2.786683333,74.664681842,2021,1,73.3088,10.357616870000001
2021-01-02,61.51536333,3.874108333,74.18014009166669,2021,1,73.3088,-11.793436670000006
2021-01-03,84.49778453,4.827366667,74.588500335,2021,1,73.3088,11.188984529999999
2021-01-04,78.41415728,4.065383333,74.63446390966668,2021,1,73.3088,5.105357279999993
2021-01-05,80.18236383,4.0429,74.94555362333332,2021,1,73.3088,6.873563829999995
2021-01-06,84.90721676,3.949783333,75.02299274033334,2021,1,73.3088,11.598416759999992
2021-01-07,75.79212097,4.947341667,74.89879059233333,2021,1,73.3088,2.483320969999994
2021-01-08,64.43049471,5.051108333,74.56635658966665,2021,1,73.3088,-8.87830529
2021-01-09,61.68552125,5.2389,73.89995857000001,2021,1,73.3088,-11.623278750000004
2021-01-10,64.24337066,4.8213,73.52236881366667,2021,1,73.3088,-9.065429340000009
2021-01-11,73.86084303,4.975141667,73.24806041766666,2021,1,73.3088,0.552043029999993
2021-01-12,60.14697289,4.866616667,72.744420845,2021,1,73.3088,-13.161827110000004
2021-01-13,82.0148182,5.033091667,73.104808704,2021,1,73.3088,8.706018199999988
2021-01-14,82.79713506,4.440375,73.62161607466666,2021,1,73.3088,9.488335059999997
2021-01-15,72.91756073,4.514583333,73.38826807733334,2021,1,73.3088,-0.3912392699999998
2021-01-16,69.19325224,4.349475,73.026689149,2021,1,73.3088,-4.115547759999998
2021-01-17,81.63869705,4.833258333,73.214536369,2021,1,73.3088,8.32989705
2021-01-18,65.7849578,5.544341667,72.77452142366668,2021,1,73.3088,-7.523842200000004
2021-01-19,64.93065695,3.88405,72.34768560900001,2021,1,73.3088,-8.378143050000006
2021-01-20,61.89388664,3.496041667,72.00871289766668,2021,1,73.3088,-11.414913360000007
2021-01-21,63.66000166,3.969733333,71.996188805,2021,1,73.3088,-9.648798340000006
2021-01-22,60.2873887,3.324808333,71.26307474133334,2021,1,73.3088,-13.021411300000004
2021-01-23,75.26188888,3.377008333,70.98424352133334,2021,1,73.3088,1.9530888799999957
2021-01-24,66.90631035,3.681925,71.14165320800001,2021,1,73.3088,-6.402489650000007
2021-01-25,64.09811909,4.29905,70.585909503,2021,1,73.3088,-9.210680910000008
2021-01-26,66.81909322,4.239008333,70.58595948566668,2021,1,73.3088,-6.489706780000006
2021-01-27,63.86066734,4.010408333,70.71097394933332,2021,1,73.3088,-9.448132660000006
2021-01-28,69.44407808,4.213233333,70.86081322199999,2021,1,73.3088,-3.864721920000008
2021-01-29,72.42513773,5.424616667,70.68819850733334,2021,1,73.3088,-0.8836622700000021
2021-01-30,75.61305069,4.741075,71.096310884,2021,1,73.3088,2.3042506899999893
2021-01-31,66.36006131,4.604041667,70.51943236533333,2021,1,73.3088,-6.948738689999999
2021-02-01,66.92499948,4.621641667,70.69975357033333,2021,2,73.3088,-6.383800520000008
2021-02-02,78.79142175,5.495841667,70.50954147766667,2021,2,73.3088,5.482621749999993
2021-02-03,72.96728368,5.2928,70.32797902433335,2021,2,73.3088,-0.34151632000001086
2021-02-04,63.08690837,4.473416667,69.758130509,2021,2,73.3088,-10.221891630000002
2021-02-05,80.02004886,4.504841667,69.59522491233334,2021,2,73.3088,6.711248859999998
2021-02-06,62.85821532,4.159225,69.164094724,2021,2,73.3088,-10.450584680000006
2021-02-07,77.56261296,3.478141667,69.601831999,2021,2,73.3088,4.2538129599999905
2021-02-08,77.06022752,3.205775,70.114322208,2021,2,73.3088,3.751427519999993
2021-02-09,68.22388346,5.045083333,70.247005968,2021,2,73.3088,-5.084916540000009
2021-02-10,64.14147918,4.277683333,69.923027173,2021,2,73.3088,-9.16732082
2021-02-11,63.86806783,2.390758333,70.047063671,2021,2,73.3088,-9.440732170000004
2021-02-12,70.57074642,4.068308333,69.66559461166666,2021,2,73.3088,-2.738053579999999
2021-02-13,78.76293497,5.202675,69.53112127533333,2021,2,73.3088,5.454134969999998
2021-02-14,72.81963177,4.364241667,69.52785697666667,2021,2,73.3088,-0.4891682300000042
2021-02-15,61.69717364,4.697391667,69.27798769,2021,2,73.3088,-11.611626360000002
2021-02-16,74.94631074,5.241525,69.05490814633335,2021,2,73.3088,1.6375107399999962
2021-02-17,75.83144148,5.940891667,69.38979093566667,2021,2,73.3088,2.52264147999999
2021-02-18,65.74010327,5.53465,69.41677247966666,2021,2,73.3088,-7.568696729999999
2021-02-19,84.33412207,5.472708333,70.16478032733333,2021,2,73.3088,11.025322070000001
2021-02-20,76.00995922,6.008566667,70.57644557933332,2021,2,73.3088,2.701159219999994
2021-02-21,77.80130415,5.999541667,71.160242761,2021,2,73.3088,4.492504150000002
2021-02-22,76.21568108,5.196675,71.19203583433334,2021,2,73.3088,2.906881079999991
2021-02-23,81.55455971,5.446766667,71.68031081299999,2021,2,73.3088,8.245759710000002
2021-02-24,66.57206215,4.6578,71.76277558166666,2021,2,73.3088,-6.7367378500000115
2021-02-25,79.1301965,5.31395,72.173145691,2021,2,73.3088,5.821396499999992
2021-02-26,62.73319882,4.556158333,72.135563407,2021,2,73.3088,-10.575601180000007
2021-02-27,71.44104176,3.493283333,72.20212886300001,2021,2,73.3088,-1.8677582400000006
2021-02-28,67.50866074,4.582141667,72.03824629666666,2021,2,73.3088,-5.800139260000009
2021-03-01,61.55919588,5.4687,71.56978446966667,2021,3,73.3088,-11.749604120000008
2021-03-02,65.85289818,4.935983333,71.552879032,2021,3,73.3088,-7.455901820000008
2021-03-03,82.27337522,4.19625,72.06449155666665,2021,3,73.3088,8.96457522
2021-03-04,84.91011271,5.165466667,72.268447922,2021,3,73.3088,11.601312710000002
2021-03-05,64.10777168,6.486008333,71.97313085533332,2021,3,73.3088,-9.201028320000006
2021-03-06,64.88061055,5.915858333,72.032920928,2021,3,73.3088,-8.428189450000005
2021-03-07,75.19907414,5.639083333,71.87222177066666,2021,3,73.3088,1.8902741399999883
2021-03-08,69.31458217,5.1473,72.087433999,2021,3,73.3088,-3.994217830000011
2021-03-09,72.33920476,4.57085,71.91332039233333,2021,3,73.3088,-0.9695952400000039
2021-03-10,64.00159103,4.772283333,71.47803250933333,2021,3,73.3088,-9.307208970000005
2021-03-11,76.61826401,5.075016667,71.75784519433333,2021,3,73.3088,3.3094640099999992
2021-03-12,83.63222408,5.343283333,72.40753669099999,2021,3,73.3088,10.323424079999995
2021-03-13,80.61762338,5.711466667,72.96585520933333,2021,3,73.3088,7.308823379999993
2021-03-14,75.94527618,6.122858333,73.14500620133332,2021,3,73.3088,2.6364761799999883
2021-03-15,76.2216018,5.025025,73.06029509566666,2021,3,73.3088,2.912801799999997
2021-03-16,70.78168553,4.547383333,72.99236355433332,2021,3,73.3088,-2.527114470000001
2021-03-17,75.73683378,5.219116667,73.46035222566665,2021,3,73.3088,2.4280337799999927
2021-03-18,73.75455072,4.648075,73.42062689166667,2021,3,73.3088,0.4457507199999924
2021-03-19,73.13327469,4.957,73.33068799866666,2021,3,73.3088,-0.1755253100000118
2021-03-20,73.46585282,3.220425,73.58821298366666,2021,3,73.3088,0.15705281999998988
2021-03-21,61.18568999,4.30625,72.81659858100001,2021,3,73.3088,-12.123110010000005
2021-03-22,67.66042667,6.015591667,72.53828082933335,2021,3,73.3088,-5.648373329999998
2021-03-23,80.58251206,6.209658333,72.63098775966665,2021,3,73.3088,7.273712059999994
2021-03-24,81.65893517,5.930958333,72.81242956266667,2021,3,73.3088,8.350135170000001
2021-03-25,77.53325058,5.744208333,72.678385925,2021,3,73.3088,4.224450579999996
2021-03-26,82.3602677,6.382258333,73.20465944333334,2021,3,73.3088,9.05146769999999
2021-03-27,69.51553523,5.880091667,72.88417073433332,2021,3,73.3088,-3.7932647700000075
2021-03-28,79.12584119,6.058016667,73.43059214666667,2021,3,73.3088,5.817041189999998
2021-03-29,62.95521726,5.221883333,73.14773132999998,2021,3,73.3088,-10.353582740000007
2021-03-30,62.09502838,4.50345,72.967276918,2021,3,73.3088,-11.213771620000003
2021-03-31,76.89889967,5.7723,73.47860037766667,2021,3,73.3088,3.5900996700000007
2021-04-01,69.42506407,5.695466667,73.597672574,2021,4,73.3088,-3.8837359300000003
2021-04-02,64.49132957,5.393075,73.00493771900001,2021,4,73.3088,-8.81747043
2021-04-03,79.09037784,5.281491667,72.81094655666666,2021,4,73.3088,5.781577839999997
2021-04-04,62.37501073,4.4688,72.75318785833333,2021,4,73.3088,-10.933789270000005
2021-04-05,66.53188436,5.544483333,72.80823031866666,2021,4,73.3088,-6.776915639999999
2021-04-20,81.18385924,5.541141667,73.00772315533335,2021,4,73.3088,7.875059239999999
2021-04-21,69.39032767,3.62395,73.01024800533334,2021,4,73.3088,-3.91847233
2021-04-22,83.12971089,3.492116667,73.36993154299999,2021,4,73.3088,9.820910889999993
2021-04-23,63.64662328,2.394136241,73.35809928466666,2021,4,73.3088,-9.662176720000005
2021-04-24,80.40084625,3.798924019,73.48418535933334,2021,4,73.3088,7.092046249999996
2021-04-25,71.29094721,2.735408262,73.07280946366667,2021,4,73.3088,-2.0178527900000063
2021-04-26,74.64967213,3.089371597,72.87387775533333,2021,4,73.3088,1.340872129999994
2021-04-27,80.88077081,3.055165786,73.03839424300001,2021,4,73.3088,7.571970809999996
2021-04-28,78.81450146,3.627878567,73.12482423166668,2021,4,73.3088,5.505701459999997
2021-04-29,62.46706892,4.539083967,72.84767034466667,2021,4,73.3088,-10.841731080000002
2021-04-30,62.42248752,2.591562824,72.40385880266668,2021,4,73.3088,-10.886312480000008
2021-05-01,68.60522351,5.292419368,72.23221456233334,2021,5,73.3088,-4.703576490000003
2021-05-02,80.86788128,4.431024888,72.49003478200001,2021,5,73.3088,7.559081280000001
2021-05-03,74.74476697,5.883403687,72.53266525366666,2021,5,73.3088,1.4359669699999955
2021-05-04,75.74457764,4.570410435,73.01796150866667,2021,5,73.3088,2.4357776399999977
2021-05-05,65.81167319,2.253509217,72.95633639266666,2021,5,73.3088,-7.497126810000012
2021-05-06,77.53399902,4.692892997,72.85471929133334,2021,5,73.3088,4.225199019999991
2021-05-07,67.72989881,3.644346039,72.39041807933334,2021,5,73.3088,-5.5789011900000105
2021-05-08,83.13317573,2.227714066,72.57708225100001,2021,5,73.3088,9.82437573
2021-05-09,83.52568208,5.552725485,72.615929397,2021,5,73.3088,10.21688207999999
2021-05-10,70.6215225,4.773650032,72.65279563933335,2021,5,73.3088,-2.6872775000000075
2021-05-11,63.54684753,4.13724155,72.13349585066666,2021,5,73.3088,-9.761952470000004
2021-05-12,67.27020355,5.692629246,72.27732872700001,2021,5,73.3088,-6.03859645
2021-05-13,72.62914563,4.949871427,72.62846596866666,2021,5,73.3088,-0.6796543700000086
2021-05-14,80.58428564,2.755736898,72.75131216766667,2021,5,73.3088,7.275485639999999
2021-05-15,82.62436035,4.155358975,73.19128871033332,2021,5,73.3088,9.315560349999998
2021-05-16,80.20258609,5.604047307,73.714997261,2021,5,73.3088,6.893786089999992
2021-05-17,81.14592307,5.142796085,73.78351543533334,2021,5,73.3088,7.83712306999999
2021-05-18,73.65865639,2.293150014,74.15963695733333,2021,5,73.3088,0.34985638999999935
2021-05-19,63.21525782,3.053645955,74.04908273933333,2021,5,73.3088,-10.093542180000007
2021-05-20,74.30238862,4.029908446,73.81970038533333,2021,5,73.3088,0.993588619999997
2021-05-21,61.43755755,3.486734001,73.554608048,2021,5,73.3088,-11.871242450000004
2021-05-22,74.3970245,2.402452251,73.26351850166667,2021,5,73.3088,1.0882244999999955
2021-05-23,61.58375728,5.544250301,73.19475630166667,2021,5,73.3088,-11.725042720000005
2021-05-24,62.42075606,4.281675428,72.59541996200001,2021,5,73.3088,-10.888043940000003
2021-05-25,78.89371378,3.316844593,72.84884551433333,2021,5,73.3088,5.584913779999994
2021-05-26,61.62369128,5.779133295,72.41464615266666,2021,5,73.3088,-11.685108720000002
2021-05-27,72.88497858,2.546229425,72.148119745,2021,5,73.3088,-0.4238214200000101
2021-05-28,72.70578373,3.139226802,71.94449582066666,2021,5,73.3088,-0.6030162700000119
2021-05-29,74.99590519,3.038622696,72.36212369633334,2021,5,73.3088,1.687105189999997
2021-05-30,69.20369021,4.492467527,72.588163786,2021,5,73.3088,-4.10510979
2021-05-31,78.50826384,5.732635684,72.91826513033332,2021,5,73.3088,5.199463839999993
2021-06-01,68.87633524,4.195066667,72.518546929,2021,6,73.3088,-4.432464760000002
2021-06-02,62.88708413,4.877116667,72.12329083433333,2021,6,73.3088,-10.421715870000007
2021-06-05,79.08599954,5.0684,72.23467156433334,2021,6,73.3088,5.777199539999998
2021-06-06,72.1702366,3.99225,72.446623678,2021,6,73.3088,-1.1385634000000096
2021-06-07,79.88007224,5.365591667,72.52482611866667,2021,6,73.3088,6.571272239999999
2021-06-08,77.29574387,2.611183333,72.84368762066667,2021,6,73.3088,3.9869438699999904
2021-06-09,60.64390862,5.204808333,72.09404538366667,2021,6,73.3088,-12.664891380000007
2021-06-10,66.23325834,3.592533333,71.517631259,2021,6,73.3088,-7.075541659999999
2021-06-11,80.90123037,5.396108333,71.86028818799998,2021,6,73.3088,7.592430369999988
2021-06-12,60.59910905,4.161741667,71.76203023866667,2021,6,73.3088,-12.709690950000002
2021-06-13,72.39693681,5.448483333,71.93292134733333,2021,6,73.3088,-0.9118631900000054
2021-06-14,78.76041599,5.926033333,72.137297026,2021,6,73.3088,5.451615989999993
2021-06-15,60.32529965,3.932033333,71.46199749299998,2021,6,73.3088,-12.983500350000007
2021-06-16,70.7694985,4.729975,71.06683543133335,2021,6,73.3088,-2.5393015000000076
2021-06-17,66.66965168,6.520441667,70.61573761766667,2021,6,73.3088,-6.639148320000004
2021-06-18,74.27436761,6.123708333,70.386685769,2021,6,73.3088,0.9655676099999937
2021-06-19,81.68971449,5.056091667,70.65438770566666,2021,6,73.3088,8.380914489999995
2021-06-20,80.63315423,5.725175,71.23498425266668,2021,6,73.3088,7.324354229999997
2021-06-21,74.72682588,4.051708333,71.24913216133334,2021,6,73.3088,1.4180258800000018
2021-06-22,65.53509604,4.164675,71.38571677766666,2021,6,73.3088,-7.773703960000006
2021-06-23,70.72157983,4.859341667,71.26320195533334,2021,6,73.3088,-2.587220170000009
2021-06-24,64.21049448,5.739525,71.35075986199999,2021,6,73.3088,-9.098305520000011
2021-06-25,68.06328707,5.90975,71.538844229,2021,6,73.3088,-5.245512930000004
2021-06-26,83.84207408,6.281358333,71.70378957233333,2021,6,73.3088,10.533274079999998
2021-06-27,82.47158407,5.852325,72.398719332,2021,6,73.3088,9.16278407
2021-06-28,77.20580226,5.981325,72.54274678799999,2021,6,73.3088,3.8970022599999936
2021-06-29,81.55935567,5.256925,72.83786585266667,2021,6,73.3088,8.250555669999997
2021-06-30,77.20331671,3.089816667,72.91144623666666,2021,6,73.3088,3.8945167099999907
2021-07-01,84.7699836,6.332116667,73.430322683,2021,7,72.7223296,12.047654000000009
2021-07-02,63.20853215,6.18565,72.92033162666667,2021,7,72.7223296,-9.513797449999991
2021-07-03,78.35262338,5.4784,73.236207898,2021,7,72.7223296,5.630293780000002
2021-07-04,84.09817081,3.296966667,73.94324412066666,2021,7,72.7223296,11.375841210000004
2021-07-05,72.89388546,3.667841667,73.736840318,2021,7,72.7223296,0.17155586000001222
2021-07-06,76.38979995,2.852183333,73.87749242966667,2021,7,72.7223296,3.667470350000002
2021-07-07,81.77536229,2.717125,73.94066876466667,2021,7,72.7223296,9.053032690000009
2021-07-08,67.87960601,3.595508333,73.62679750266666,2021,7,72.7223296,-4.842723589999991
2021-07-09,64.09475269,4.808441667,73.74182563833332,2021,7,72.7223296,-8.627576909999988
2021-07-10,62.04101834,5.292016667,73.602084305,2021,7,72.7223296,-10.681311259999994
2021-07-11,83.8501172,5.98765,73.70038053266667,2021,7,72.7223296,11.127787600000005
2021-07-12,66.35927925,4.842283333,73.89238620600001,2021,7,72.7223296,-6.363050349999995
2021-07-13,71.21065978,4.506258333,73.85284363833333,2021,7,72.7223296,-1.5116698199999945
2021-07-14,72.01887248,3.985116667,73.62812552133333,2021,7,72.7223296,-0.7034571199999959
2021-07-15,71.57437185,3.222533333,74.00309459466666,2021,7,72.7223296,-1.1479577499999891
2021-07-16,83.44409415,5.855191667,74.42558111633333,2021,7,72.7223296,10.721764550000003
2021-07-17,66.02987703,6.5543,74.40425529466667,2021,7,72.7223296,-6.69245257
2021-07-18,63.93345641,3.73,74.05955825466667,2021,7,72.7223296,-8.788873189999997
2021-07-19,67.30536284,4.535691667,73.58007986633334,2021,7,72.7223296,-5.416966759999994
2021-07-20,80.84051944,5.722691667,73.58699204000001,2021,7,72.7223296,8.11818984
2021-07-21,82.68233834,3.865775,73.85217578866667,2021,7,72.7223296,9.960008740000006
2021-07-22,79.77389156,4.174416667,74.326802306,2021,7,72.7223296,7.051561960000001
2021-07-23,81.97642408,2.655541667,74.70196378099999,2021,7,72.7223296,9.254094480000006
2021-07-24,73.75992663,5.254816667,75.020278186,2021,7,72.7223296,1.0375970300000006
2021-07-25,75.3427307,4.542575,75.262926307,2021,7,72.7223296,2.6204011000000094
2021-07-26,79.79306328,5.688958333,75.12795928033333,2021,7,72.7223296,7.070733680000004
2021-07-27,77.20349712,5.361808333,74.952356382,2021,7,72.7223296,4.48116752
2021-07-28,67.81317142,2.928783333,74.63926868733333,2021,7,72.7223296,-4.9091581799999915
2021-07-29,80.48844149,4.2413,74.603571548,2021,7,72.7223296,7.766111890000005
2021-07-30,70.92533959,5.188091667,74.39430564400001,2021,7,72.7223296,-1.7969900100000018
2021-07-31,62.05911381,5.100383333,73.63727665100001,2021,7,72.7223296,-10.663215789999995
2021-08-01,79.36368827,5.665241667,74.175781855,2021,8,72.7223296,6.6413586700000025
2021-08-02,70.19800096,5.767216667,73.90396110766666,2021,8,72.7223296,-2.524328639999993
2021-08-03,65.74414093,4.787883333,73.29216011166666,2021,8,72.7223296,-6.978188669999994
2021-08-04,68.07518076,5.460966667,73.13153662166665,2021,8,72.7223296,-4.64714884
2021-08-05,63.40334046,4.524466667,72.69865463866667,2021,8,72.7223296,-9.318989139999992
2021-08-06,84.49535345,4.662016667,72.78932101066667,2021,8,72.7223296,11.773023850000001
2021-08-07,66.36888991,5.138308333,72.73896380733335,2021,8,72.7223296,-6.353439690000002
2021-08-08,70.0170831,5.625883333,72.936374821,2021,8,72.7223296,-2.705246500000001
2021-08-09,83.1749803,5.828241667,73.64084021966666,2021,8,72.7223296,10.452650700000007
2021-08-10,79.33507233,5.149116667,73.490338724,2021,8,72.7223296,6.612742730000008
2021-08-11,82.35168802,4.361525,74.02341901633332,2021,8,72.7223296,9.629358420000003
2021-08-12,65.77637218,5.940125,73.84227609633334,2021,8,72.7223296,-6.945957419999999
2021-08-13,63.71151119,4.5078,73.56536405333333,2021,8,72.7223296,-9.010818409999992
2021-08-14,79.66327505,4.780541667,73.83499416000001,2021,8,72.7223296,6.940945450000001
2021-08-15,63.38929463,3.1595,73.16650084266666,2021,8,72.7223296,-9.333034969999993
2021-08-16,74.59443687,6.798441667,73.45198617066667,2021,8,72.7223296,1.8721072700000008
2021-08-17,62.29054553,5.053208333,73.39722247466666,2021,8,72.7223296,-10.431784069999992
2021-08-18,83.8546115,5.964591667,73.94886409666667,2021,8,72.7223296,11.13228190000001
2021-08-19,68.4681331,6.168666667,73.53645121866666,2021,8,72.7223296,-4.254196499999992
2021-08-20,77.56489288,4.348666667,73.36586970333333,2021,8,72.7223296,4.842563280000007
2021-08-21,74.74532329,6.70605,73.198250761,2021,8,72.7223296,2.022993690000007
2021-08-22,68.92897606,6.500833333,72.76333582699999,2021,8,72.7223296,-3.7933535399999982
2021-08-23,71.82869702,5.047366667,72.69896150666666,2021,8,72.7223296,-0.8936325799999878
2021-08-24,72.40950706,5.3084,72.60118738533333,2021,8,72.7223296,-0.3128225399999991
2021-08-25,82.36793647,3.497525,72.68701649166668,2021,8,72.7223296,9.645606870000009
2021-08-26,82.15373844,5.08975,72.85202453566667,2021,8,72.7223296,9.431408840000003
2021-08-27,72.53968275,6.084875,73.00957491333334,2021,8,72.7223296,-0.18264684999999758
2021-08-28,82.38219236,2.886766667,73.07269994233333,2021,8,72.7223296,9.65986276000001
2021-08-29,66.36015355,4.808008333,72.92052707433332,2021,8,72.7223296,-6.362176049999988
2021-08-30,61.42860267,4.709216667,72.89951003633334,2021,8,72.7223296,-11.293726929999998
2021-08-31,77.40207493,5.390408333,72.834122925,2021,8,72.7223296,4.679745330000003
2021-09-01,64.40865781,4.287058333,72.64114482,2021,9,72.7223296,-8.31367179
2021-09-02,80.29465385,4.798375,73.12616191733333,2021,9,72.7223296,7.572324250000008
2021-09-03,77.90887344,4.6332,73.45395167333335,2021,9,72.7223296,5.186543839999999
2021-09-04,66.732765,4.0792,73.56493249133334,2021,9,72.7223296,-5.989564599999994
2021-09-05,67.97049226,4.747466667,73.014103785,2021,9,72.7223296,-4.7518373399999945
2021-09-06,64.66748956,4.892291667,72.95739043999998,2021,9,72.7223296,-8.054840039999988
2021-09-07,81.7510595,4.6983,73.34852298666668,2021,9,72.7223296,9.028729900000002
2021-09-08,80.39380171,4.8834,73.25581703366667,2021,9,72.7223296,7.6714721100000105
2021-09-09,62.48941073,4.021166667,72.69429498033334,2021,9,72.7223296,-10.232918869999992
2021-09-10,81.53945804,4.851216667,72.66722064766667,2021,9,72.7223296,8.817128440000005
2021-09-11,65.94349664,4.786425,72.672791463,2021,9,72.7223296,-6.778832959999988
2021-09-12,72.39011471,3.48995,72.962078247,2021,9,72.7223296,-0.3322148899999888
2021-09-13,64.07789615,3.51,72.442565617,2021,9,72.7223296,-8.644433449999994
2021-09-14,67.72760076,4.23825,72.58717582133335,2021,9,72.7223296,-4.994728839999993
2021-09-15,62.62414189,4.308225,72.18816598866667,2021,9,72.7223296,-10.098187709999998
2021-09-16,66.31079237,4.453066667,72.32217421666668,2021,9,72.7223296,-6.411537229999993
2021-09-17,61.31348544,4.11275,71.57080334800001,2021,9,72.7223296,-11.408844159999994
2021-09-18,60.59317392,5.213008333,71.30830470866667,2021,9,72.7223296,-12.129155679999997
2021-09-19,63.74431428,2.938925,70.84761875533333,2021,9,72.7223296,-8.978015319999997
2021-09-20,65.55978451,4.525633333,70.54143412933334,2021,9,72.7223296,-7.162545089999995
2021-09-21,67.51107754,3.796208333,70.49417084533334,2021,9,72.7223296,-5.2112520599999925
2021-09-22,79.4041274,5.418633333,70.74668519133334,2021,9,72.7223296,6.681797799999998
2021-09-23,62.83109169,4.212283333,70.42740467899999,2021,9,72.7223296,-9.891237909999994
2021-09-24,70.67112172,3.27,70.037510854,2021,9,72.7223296,-2.0512078799999927
2021-09-25,77.97870097,5.464258333,69.89834293833333,2021,9,72.7223296,5.256371370000011
2021-09-26,74.98673846,2.443658333,69.979911462,2021,9,72.7223296,2.264408860000003
2021-09-27,63.63294606,5.290108333,69.35493658533332,2021,9,72.7223296,-9.089383539999993
2021-09-28,61.94390546,5.242925,69.20772831566666,2021,9,72.7223296,-10.778424139999991
2021-09-29,67.48820209,5.312208333,69.409714963,2021,9,72.7223296,-5.234127509999993
2021-09-30,71.77287282,3.7533,69.22207489266667,2021,9,72.7223296,-0.9494567799999913
2021-10-01,68.13106633,2.890266667,69.34615517666666,2021,10,72.7223296,-4.591263269999999
2021-10-02,78.00808824,2.241108333,69.269936323,2021,10,72.7223296,5.285758640000012
2021-10-03,73.74996126,3.25835,69.131305917,2021,10,72.7223296,1.0276316600000115
2021-10-04,64.95592673,3.980583333,69.07207797466667,2021,10,72.7223296,-7.766402869999993
2021-10-05,83.04951382,4.432375,69.57471202666667,2021,10,72.7223296,10.327184220000007
2021-10-06,72.53521474,2.569391667,69.83696953266667,2021,10,72.7223296,-0.1871148599999941
2021-10-07,69.35398286,3.308558333,69.42373364466668,2021,10,72.7223296,-3.3683467399999927
2021-10-08,61.74004753,4.530558333,68.80194183866666,2021,10,72.7223296,-10.982282069999997
2021-10-09,84.90241073,4.019216667,69.54904183866667,2021,10,72.7223296,12.180081130000005
2021-10-10,65.29312359,4.879491667,69.00749735699999,2021,10,72.7223296,-7.4292060100000015
2021-10-11,77.21641939,3.888933333,69.38326144866666,2021,10,72.7223296,4.494089790000004
2021-10-12,76.95809436,3.69335,69.535527437,2021,10,72.7223296,4.235764760000009
2021-10-13,74.05814538,4.217616667,69.86820241133334,2021,10,72.7223296,1.3358157800000043
2021-10-14,76.50041062,4.225558333,70.16062940666667,2021,10,72.7223296,3.778081020000002
2021-10-15,60.82624031,4.874091667,70.100699354,2021,10,72.7223296,-11.896089289999992
2021-10-16,72.27197093,3.088991667,70.299405306,2021,10,72.7223296,-0.45035866999999996
2021-10-17,74.67355616,2.655141667,70.74474099666666,2021,10,72.7223296,1.9512265600000092
2021-10-18,70.87573011,3.646175,71.08749286966666,2021,10,72.7223296,-1.8465994899999885
2021-10-19,84.50975931,4.813958333,71.77967437066667,2021,10,72.7223296,11.787429710000012
2021-10-20,64.46963886,3.462341667,71.74333618233332,2021,10,72.7223296,-8.252690739999991
2021-10-21,67.59034876,4.521408333,71.74597855633334,2021,10,72.7223296,-5.131980839999997
2021-10-22,73.61139765,3.811491667,71.55288756466666,2021,10,72.7223296,0.8890680500000059
2021-10-23,63.96217543,5.23085,71.59059035599999,2021,10,72.7223296,-8.760154169999993
2021-10-24,71.19728865,5.215608333,71.60812925366668,2021,10,72.7223296,-1.5250409499999904
2021-10-25,84.0496343,4.301241667,71.81049369800002,2021,10,72.7223296,11.3273047
2021-10-26,79.21805464,4.34445,71.95153757066667,2021,10,72.7223296,6.495725040000011
2021-10-27,72.38592453,2.7031,72.24330351966667,2021,10,72.7223296,-0.33640506999999786
2021-10-28,70.58115012,4.804625,72.531211675,2021,10,72.7223296,-2.141179479999991
2021-10-29,76.91450463,4.6817,72.84542175966665,2021,10,72.7223296,4.192175030000001
2021-10-30,74.93947759,5.343966667,72.95097525199999,2021,10,72.7223296,2.217147990000001
2021-10-31,67.68168661,4.882691667,72.93599592800001,2021,10,72.7223296,-5.040642989999995
2021-11-01,76.84541085,5.157433333,72.89724001500001,2021,11,72.7223296,4.1230812499999985
2021-11-02,71.37590669,5.658,72.81810486266666,2021,11,72.7223296,-1.3464229100000011
2021-11-03,82.9816221,5.717733333,73.418961375,2021,11,72.7223296,10.2592925
2021-11-04,72.15050345,4.610741667,73.05566102933334,2021,11,72.7223296,-0.5718261499999926
2021-11-05,83.7984817,4.493766667,73.43110326133335,2021,11,72.7223296,11.076152100000002
2021-11-06,61.25482929,4.409416667,73.16113147566666,2021,11,72.7223296,-11.467500309999991
2021-11-07,60.76163335,5.132466667,73.12851766966666,2021,11,72.7223296,-11.960696249999998
2021-11-08,84.15277112,4.932991667,73.10352968266666,2021,11,72.7223296,11.430441520000002
2021-11-09,62.40509439,3.22415,73.00726204266668,2021,11,72.7223296,-10.317235209999993
2021-11-10,79.26744195,3.982908333,73.07562946133334,2021,11,72.7223296,6.545112350000011
2021-11-11,74.53836635,3.147491667,72.99497186100001,2021,11,72.7223296,1.8160367500000092
2021-11-12,81.669693,5.170041667,73.248690115,2021,11,72.7223296,8.9473634
2021-11-13,80.91794711,4.65255,73.39594133133333,2021,11,72.7223296,8.195617510000005
2021-11-14,71.6221836,2.8508,73.75580610766666,2021,11,72.7223296,-1.1001459999999952
2021-11-15,82.68891785,3.419125,74.10303767166667,2021,11,72.7223296,9.966588250000001
2021-11-16,68.22133013,3.139875,73.88796347066666,2021,11,72.7223296,-4.5009994699999964
2021-11-17,83.29130553,4.831783333,74.30181598466667,2021,11,72.7223296,10.568975930000008
2021-11-18,67.36271671,4.327291667,73.730247898,2021,11,72.7223296,-5.359612889999994
2021-11-19,60.76667012,4.265508333,73.60681560666667,2021,11,72.7223296,-11.955659479999994
2021-11-20,84.41442212,3.625275,74.167618052,2021,11,72.7223296,11.692092520000003
2021-11-21,67.65936027,5.127283333,73.969216806,2021,11,72.7223296,-5.062969330000001
2021-11-22,84.30780523,2.969658333,74.647404466,2021,11,72.7223296,11.585475630000005
2021-11-23,76.79133747,4.362266667,74.83387275999999,2021,11,72.7223296,4.069007870000007
2021-11-24,73.69426077,4.224641667,74.48869364233333,2021,11,72.7223296,0.9719311700000048
2021-11-25,74.50556752,4.057691667,74.33161073833334,2021,11,72.7223296,1.7832379200000048
2021-11-26,73.4344085,4.631066667,74.366560204,2021,11,72.7223296,0.7120789000000087
2021-11-27,61.88470526,1.684283333,74.07667870866666,2021,11,72.7223296,-10.837624339999998
2021-11-28,73.94051024,3.185458333,73.97754556233333,2021,11,72.7223296,1.21818064
2021-11-29,71.91667791,2.700216667,73.876785573,2021,11,72.7223296,-0.8056516899999906
2021-11-30,67.59835298,2.478966667,73.87400778533333,2021,11,72.7223296,-5.123976619999993
2021-12-01,72.55173801,4.040033333,73.73088535733334,2021,12,72.7223296,-0.1705915900000008
2021-12-02,78.42530629,4.209466667,73.965865344,2021,12,72.7223296,5.70297669
2021-12-03,78.15937955,5.584608333,73.80512392566668,2021,12,72.7223296,5.437049950000002
2021-12-04,66.4821582,4.317975,73.616179084,2021,12,72.7223296,-6.240171399999994
2021-12-05,78.96544853,4.869316667,73.45507797833332,2021,12,72.7223296,6.2431189300000085
2021-12-06,64.23261362,4.898133333,73.554337456,2021,12,72.7223296,-8.48971598
2021-12-07,77.07997793,4.362108333,74.09828227533333,2021,12,72.7223296,4.3576483300000035
2021-12-08,78.67499311,4.85815,73.91568967500001,2021,12,72.7223296,5.952663510000008
2021-12-09,77.50831579,3.397541667,74.41913038833333,2021,12,72.7223296,4.785986190000003
2021-12-10,75.79341306,5.471958333,74.30332942533333,2021,12,72.7223296,3.071083460000011
2021-12-11,60.94602987,4.818091667,73.85025154266665,2021,12,72.7223296,-11.776299729999998
2021-12-12,71.51924314,4.694283333,73.511903214,2021,12,72.7223296,-1.2030864599999944
2021-12-13,79.55462349,4.765308333,73.46645909333333,2021,12,72.7223296,6.8322938900000025
2021-12-14,81.67983986,4.7271,73.801714302,2021,12,72.7223296,8.957510260000006
2021-12-15,82.9011479,4.8865,73.80878863699999,2021,12,72.7223296,10.178818300000003
2021-12-16,70.13312666,3.369958333,73.87251518800001,2021,12,72.7223296,-2.5892029399999927
2021-12-17,63.77418775,3.554241667,73.22194459533333,2021,12,72.7223296,-8.948141849999992
2021-12-18,73.60969872,4.851925,73.43017732899999,2021,12,72.7223296,0.8873691200000025
2021-12-19,66.53974734,3.424116667,73.62261323633334,2021,12,72.7223296,-6.18258225999999
2021-12-20,84.68507232,4.136958333,73.63163490966667,2021,12,72.7223296,11.962742720000008
2021-12-21,65.38315826,4.197316667,73.55576150933334,2021,12,72.7223296,-7.339171339999993
2021-12-22,73.42331297,2.564775,73.19294510066666,2021,12,72.7223296,0.700983370000003
2021-12-23,70.32226846,3.409658333,72.977309467,2021,12,72.7223296,-2.400061139999991
2021-12-24,65.7276318,3.881258333,72.711755168,2021,12,72.7223296,-6.994697799999997
2021-12-25,78.50861245,4.682108333,72.845189999,2021,12,72.7223296,5.786282850000006
2021-12-26,77.47733571,4.1058,72.97995423933334,2021,12,72.7223296,4.755006110000011
2021-12-27,63.24199635,3.863683333,73.02519727566667,2021,12,72.7223296,-9.480333249999994
2021-12-28,61.64299846,4.023341667,72.61528021633333,2021,12,72.7223296,-11.079331139999994
2021-12-29,83.72640889,3.707125,73.00893791566666,2021,12,72.7223296,11.004079290000007
2021-12-30,65.80764531,4.752783333,72.94924766,2021,12,72.7223296,-6.914684289999997
2021-12-31,69.18800967,5.5853,72.837123382,2021,12,72.7223296,-3.5343199299999952
2022-01-01,81.8538076,5.084191667,72.95140675900001,2022,1,72.7223296,9.131478000000001
2022-01-02,65.65051067,4.54415,72.534444463,2022,1,72.7223296,-7.071818929999992
2022-01-03,66.47427774,4.367208333,72.53418178099999,2022,1,72.7223296,-6.24805185999999
2022-01-04,76.42504312,4.724058333,72.44950160066668,2022,1,72.7223296,3.702713520000003
2022-01-05,84.29715868,3.9985,73.11831976933334,2022,1,72.7223296,11.57482908
2022-01-06,81.47489213,3.5042,73.26481690933333,2022,1,72.7223296,8.752562530000006
2022-01-07,77.63831073,4.089358333,73.23026082999999,2022,1,72.7223296,4.915981130000006
2022-01-08,69.05185207,4.83185,72.948378706,2022,1,72.7223296,-3.6704775299999994
2022-01-09,78.23460502,4.600666667,73.02975177133334,2022,1,72.7223296,5.512275420000009
2022-01-10,66.30059209,4.306733333,73.20823717866668,2022,1,72.7223296,-6.42173751
2022-01-11,72.89682864,4.370066667,73.25415669533335,2022,1,72.7223296,0.1744990400000006
2022-01-12,73.90059889,4.761333333,73.06568920866667,2022,1,72.7223296,1.178269290000003
2022-01-13,72.13886011,4.948008333,72.74765655033333,2022,1,72.7223296,-0.5834694899999988
2022-01-14,79.20010713,4.740716667,72.62428852466665,2022,1,72.7223296,6.4777775300000116
2022-01-15,62.20011401,4.593716667,72.35985476966667,2022,1,72.7223296,-10.522215589999995
2022-01-16,80.28306189,4.543225,72.91015057433333,2022,1,72.7223296,7.560732290000004
2022-01-17,68.12121868,3.3945,72.72720123966668,2022,1,72.7223296,-4.601110919999996
2022-01-18,70.80019178,4.994683333,72.86921605433332,2022,1,72.7223296,-1.922137819999989
2022-01-19,83.02552142,4.877458333,72.813897691,2022,1,72.7223296,10.30319182000001
2022-01-20,64.04077298,5.157525,72.76915151499999,2022,1,72.7223296,-8.681556619999995
2022-01-21,60.63213688,4.276675,72.34277897866667,2022,1,72.7223296,-12.090192719999997
2022-01-22,84.54523677,4.458325,72.81687792233333,2022,1,72.7223296,11.822907170000008
2022-01-23,75.22079782,4.231091667,73.13331678966667,2022,1,72.7223296,2.4984682200000066
2022-01-24,67.11032304,3.60555,72.75337380933334,2022,1,72.7223296,-5.6120065599999975
2022-01-25,78.31024597,3.376491667,72.78113748466667,2022,1,72.7223296,5.587916370000002
2022-01-26,60.29664984,4.305258333,72.68295926766667,2022,1,72.7223296,-12.425679759999994
2022-01-27,78.85656951,5.072183333,73.25674496933334,2022,1,72.7223296,6.134239910000005
2022-01-28,68.94567612,4.640791667,72.764053877,2022,1,72.7223296,-3.776653479999993
2022-01-29,74.73075858,4.220491667,73.06149098600001,2022,1,72.7223296,2.008428980000005
2022-01-30,67.11002873,3.830216667,72.99222495466667,2022,1,72.7223296,-5.6123008699999986
2022-01-31,75.77677861,5.159383333,72.78965732166667,2022,1,72.7223296,3.054449009999999
2022-02-01,83.96580278,5.045475,73.40016705866667,2022,2,72.7223296,11.24347318000001
2022-02-02,71.12279493,5.312308333,73.55511763166668,2022,2,72.7223296,-1.599534669999997
2022-02-03,73.10165055,4.893833333,73.44433787933332,2022,2,72.7223296,0.37932095000000743
2022-02-04,76.74767657,5.666016667,73.19268847566667,2022,2,72.7223296,4.025346970000001
2022-02-05,74.90105231,5.260066667,72.97356048166668,2022,2,72.7223296,2.1787227100000024
2022-02-06,80.45926838,4.804358333,73.06759240333332,2022,2,72.7223296,7.736938780000003
2022-02-07,84.43258109,4.666641667,73.58028337066666,2022,2,72.7223296,11.710251490000005
2022-02-08,72.70172073,4.104,73.39585389433333,2022,2,72.7223296,-0.020608869999989565
2022-02-09,60.08424986,5.32515,73.18864248666665,2022,2,72.7223296,-12.638079739999995
2022-02-10,83.91931644,5.388183333,73.55605874666665,2022,2,72.7223296,11.196986840000008
2022-02-11,79.65668846,4.062983333,73.747928399,2022,2,72.7223296,6.934358860000003
2022-02-12,78.08217373,5.237983333,73.94603885300002,2022,2,72.7223296,5.359844129999999
2022-02-13,82.09957151,3.7119,74.04268766566666,2022,2,72.7223296,9.37724191000001
2022-02-14,80.13385608,4.431283333,74.640479068,2022,2,72.7223296,7.411526480000006
2022-02-15,61.82999024,4.990216667,74.02537667966666,2022,2,72.7223296,-10.892339359999994
2022-02-16,70.0142312,4.149233333,74.088477097,2022,2,72.7223296,-2.7080983999999972
2022-02-17,83.28806881,4.318383333,74.50473966466667,2022,2,72.7223296,10.565739210000004
2022-02-18,72.93344219,5.188325,74.16833702366667,2022,2,72.7223296,0.21111258999999905
2022-02-19,82.80901823,4.450266667,74.79394519866668,2022,2,72.7223296,10.086688630000012
2022-02-20,68.36250313,4.419858333,75.05162407366667,2022,2,72.7223296,-4.359826470000002
2022-02-21,71.36819868,4.836308333,74.61238947066667,2022,2,72.7223296,-1.3541309199999887
2022-02-22,61.7251071,4.611808333,74.16253311333334,2022,2,72.7223296,-10.997222499999992
2022-02-23,74.42923155,4.886116667,74.40649673033333,2022,2,72.7223296,1.7069019500000024
2022-02-24,73.82318859,5.199866667,74.256928151,2022,2,72.7223296,1.100858990000006
2022-02-25,72.01322331,5.2465,74.64748060000001,2022,2,72.7223296,-0.709106289999994
2022-02-26,63.55540791,6.427275,74.13744188,2022,2,72.7223296,-9.166921689999995
2022-02-27,60.4253492,6.287241667,73.85343098266667,2022,2,72.7223296,-12.296980399999995
2022-02-28,79.10204234,5.909541667,73.99914044133332,2022,2,72.7223296,6.379712740000002
2022-03-01,64.19322198,5.74105,73.90191354966666,2022,3,72.7223296,-8.52910761999999
2022-03-02,78.89950203,3.948875,74.00600433033334,2022,3,72.7223296,6.177172429999999
2022-03-03,66.98188831,6.092025,73.43987384799999,2022,3,72.7223296,-5.740441289999993
2022-03-04,69.41035626,5.41575,73.38279255900001,2022,3,72.7223296,-3.3119733399999944
2022-03-05,67.99813517,5.110141667,73.21267537966668,2022,3,72.7223296,-4.724194429999997
2022-03-06,80.94850319,6.016166667,73.35270293366666,2022,3,72.7223296,8.226173590000002
2022-03-07,61.79529248,5.128958333,72.91584427266666,2022,3,72.7223296,-10.927037119999994
2022-03-08,62.23306752,6.368116667,72.30830424400001,2022,3,72.7223296,-10.489262079999996
2022-03-09,68.59186344,5.415233333,71.78028032233334,2022,3,72.7223296,-4.1304661599999974
2022-03-10,70.3314167,4.164808333,71.70127018800001,2022,3,72.7223296,-2.3909128999999893
2022-03-11,73.28192158,5.839325,72.14119257866668,2022,3,72.7223296,0.5595919800000075
2022-03-12,71.02692361,4.187916667,71.711446151,2022,3,72.7223296,-1.6954059899999976
2022-03-13,81.83482392,5.754641667,71.78405066633333,2022,3,72.7223296,9.11249432000001
2022-03-14,84.6320141,5.3176,72.00237867866666,2022,3,72.7223296,11.909684500000012
2022-03-15,69.92692102,4.818283333,71.59662366233333,2022,3,72.7223296,-2.79540858
2022-03-16,78.8960938,4.7711,71.55536491966667,2022,3,72.7223296,6.173764200000008
2022-03-17,64.72382442,4.87725,71.651826059,2022,3,72.7223296,-7.998505179999995
2022-03-18,67.24210793,4.700166667,71.55942194999999,2022,3,72.7223296,-5.480221669999992
2022-03-19,63.24397744,5.915041667,70.891285571,2022,3,72.7223296,-9.478352159999993
2022-03-20,81.63273763,4.226183333,71.18126208566667,2022,3,72.7223296,8.91040803
2022-03-21,71.05735294,3.431675,70.78953990933333,2022,3,72.7223296,-1.6649766599999936
2022-03-22,81.63150936,3.580491667,71.231840117,2022,3,72.7223296,8.90917976
2022-03-23,71.90614872,4.997616667,71.249771785,2022,3,72.7223296,-0.8161808799999903
2022-03-24,79.91179805,5.12505,71.85599481666667,2022,3,72.7223296,7.189468450000007
